Date,Product,Sales,Waste,Make,temp,rain,days,weather,wind,body_temp,hum,upset,dust,holiday,pop,search,a,b,c,Waste+난수,Make+난수,난수값,,,
01_01,올리브 치아바타,6,0,6,2.1,0,Mon,박무,0.9,4.063946419,84.8,37.637592,28,1,198944.8969,27,,1312388,,1,7,1,,,
01_01,감자 치아바타,6,0,6,2.1,0,Mon,박무,0.9,4.063946419,84.8,37.637592,28,1,198944.8969,27,,,,1,7,1,,,
01_01,소금빵,30,0,30,2.1,0,Mon,박무,0.9,4.063946419,84.8,37.637592,28,1,198944.8969,27,,,,0,30,0,,강우량,난수
01_01,갈레트 부르통,3,0,3,2.1,0,Mon,박무,0.9,4.063946419,84.8,37.637592,28,1,198944.8969,27,,,,2,5,2,,0~3,0~2
01_01,통밀 비스코티,3,0,3,2.1,0,Mon,박무,0.9,4.063946419,84.8,37.637592,28,1,198944.8969,27,,,,0,3,0,,4~6,2~4
01_01,5종 스콘,24,0,24,2.1,0,Mon,박무,0.9,4.063946419,84.8,37.637592,28,1,198944.8969,27,,,,0,24,0,,7~9,4~6
01_01,레몬 마들렌,3,0,3,2.1,0,Mon,박무,0.9,4.063946419,84.8,37.637592,28,1,198944.8969,27,,,,1,4,1,,10이상,5~7
01_01,르뱅 3종,5,0,5,2.1,0,Mon,박무,0.9,4.063946419,84.8,37.637592,28,1,198944.8969,27,,,,2,7,2,,,
01_01,무화과 쿠키,3,0,3,2.1,0,Mon,박무,0.9,4.063946419,84.8,37.637592,28,1,198944.8969,27,,,,0,3,0,,,
01_02,올리브 치아바타,6,0,6,2.5,0,Tue,박무,1.1,4.135514962,78.4,39.0542,10,0,197724.3761,21,,,,1,7,1,,,
01_02,감자 치아바타,6,0,6,2.5,0,Tue,박무,1.1,4.135514962,78.4,39.0542,10,0,197724.3761,21,,,,2,8,2,,,
01_02,소금빵,24,2,26,2.5,0,Tue,박무,1.1,4.135514962,78.4,39.0542,10,0,197724.3761,21,,,,2,26,0,,,
01_02,갈레트 부르통,1,0,1,2.5,0,Tue,박무,1.1,4.135514962,78.4,39.0542,10,0,197724.3761,21,,,,0,1,0,,,
01_02,통밀 비스코티,1,0,1,2.5,0,Tue,박무,1.1,4.135514962,78.4,39.0542,10,0,197724.3761,21,,,,1,2,1,,,
01_02,5종 스콘,18,2,20,2.5,0,Tue,박무,1.1,4.135514962,78.4,39.0542,10,0,197724.3761,21,,,,3,21,1,,,
01_02,레몬 마들렌,2,0,2,2.5,0,Tue,박무,1.1,4.135514962,78.4,39.0542,10,0,197724.3761,21,,,,1,3,1,,,
01_02,르뱅 3종,2,0,2,2.5,0,Tue,박무,1.1,4.135514962,78.4,39.0542,10,0,197724.3761,21,,,,2,4,2,,,
01_02,무화과 쿠키,1,0,1,2.5,0,Tue,박무,1.1,4.135514962,78.4,39.0542,10,0,197724.3761,21,,,,0,1,0,,,
01_03,올리브 치아바타,6,0,6,1.1,1.9,Wed,비,1,2.8698,84.3,36.054127,15,0,173060.6684,27,,,,2,8,2,,,
01_03,감자 치아바타,4,2,6,1.1,1.9,Wed,비,1,2.8698,84.3,36.054127,15,0,173060.6684,27,,,,3,7,1,,,
01_03,소금빵,26,0,26,1.1,1.9,Wed,비,1,2.8698,84.3,36.054127,15,0,173060.6684,27,,,,1,27,1,,,
01_03,갈레트 부르통,1,0,1,1.1,1.9,Wed,비,1,2.8698,84.3,36.054127,15,0,173060.6684,27,,,,1,2,1,,,
01_03,통밀 비스코티,2,0,2,1.1,1.9,Wed,비,1,2.8698,84.3,36.054127,15,0,173060.6684,27,,,,1,3,1,,,
01_03,5종 스콘,18,0,18,1.1,1.9,Wed,비,1,2.8698,84.3,36.054127,15,0,173060.6684,27,,,,2,20,2,,,
01_03,레몬 마들렌,1,0,1,1.1,1.9,Wed,비,1,2.8698,84.3,36.054127,15,0,173060.6684,27,,,,0,1,0,,,
01_03,르뱅 3종,2,0,2,1.1,1.9,Wed,비,1,2.8698,84.3,36.054127,15,0,173060.6684,27,,,,1,3,1,,,
01_03,무화과 쿠키,1,0,1,1.1,1.9,Wed,비,1,2.8698,84.3,36.054127,15,0,173060.6684,27,,,,1,2,1,,,
01_04,올리브 치아바타,6,0,6,1.2,0,Thu,박무,1.5,2.24141607,73.3,37.660904,22,0,197724.3761,34,,,,0,6,0,,,
01_04,바질 치아바타,3,0,3,1.2,0,Thu,박무,1.5,2.24141607,73.3,37.660904,22,0,197724.3761,34,,,,1,4,1,,,
01_04,소금빵,24,0,24,1.2,0,Thu,박무,1.5,2.24141607,73.3,37.660904,22,0,197724.3761,34,,,,1,25,1,,,
01_04,갈레트 부르통,2,0,2,1.2,0,Thu,박무,1.5,2.24141607,73.3,37.660904,22,0,197724.3761,34,,,,0,2,0,,,
01_04,통밀 비스코티,2,0,2,1.2,0,Thu,박무,1.5,2.24141607,73.3,37.660904,22,0,197724.3761,34,,,,0,2,0,,,
01_04,5종 스콘,24,4,28,1.2,0,Thu,박무,1.5,2.24141607,73.3,37.660904,22,0,197724.3761,34,,,,5,29,1,,,
01_04,레몬 마들렌,3,0,3,1.2,0,Thu,박무,1.5,2.24141607,73.3,37.660904,22,0,197724.3761,34,,,,2,5,2,,,
01_04,르뱅 3종,4,0,4,1.2,0,Thu,박무,1.5,2.24141607,73.3,37.660904,22,0,197724.3761,34,,,,0,4,0,,,
01_04,무화과 쿠키,2,0,2,1.2,0,Thu,박무,1.5,2.24141607,73.3,37.660904,22,0,197724.3761,34,,,,0,2,0,,,
01_05,올리브 치아바타,6,0,6,4.1,0,Fri,박무,1.7,5.060365164,79.4,41.489646,43,0,180637.0843,24,,,,2,8,2,,,
01_05,감자 치아바타,6,0,6,4.1,0,Fri,박무,1.7,5.060365164,79.4,41.489646,43,0,180637.0843,24,,,,0,6,0,,,
01_05,소금빵,28,0,28,4.1,0,Fri,박무,1.7,5.060365164,79.4,41.489646,43,0,180637.0843,24,,,,2,30,2,,,
01_05,갈레트 부르통,3,0,3,4.1,0,Fri,박무,1.7,5.060365164,79.4,41.489646,43,0,180637.0843,24,,,,2,5,2,,,
01_05,통밀 비스코티,1,0,1,4.1,0,Fri,박무,1.7,5.060365164,79.4,41.489646,43,0,180637.0843,24,,,,2,3,2,,,
01_05,5종 스콘,18,0,18,4.1,0,Fri,박무,1.7,5.060365164,79.4,41.489646,43,0,180637.0843,24,,,,0,18,0,,,
01_05,레몬 마들렌,1,0,1,4.1,0,Fri,박무,1.7,5.060365164,79.4,41.489646,43,0,180637.0843,24,,,,1,2,1,,,
01_05,르뱅 3종,3,0,3,4.1,0,Fri,박무,1.7,5.060365164,79.4,41.489646,43,0,180637.0843,24,,,,0,3,0,,,
01_05,무화과 쿠키,0,0,0,4.1,0,Fri,박무,1.7,5.060365164,79.4,41.489646,43,0,180637.0843,24,,,,2,2,2,,,
01_06,올리브 치아바타,0,0,0,0.4,0.6,Sat,비,1.6,1.281585452,67.5,37.2388,68,1,110419.0768,30,,,,2,2,2,,,
01_06,감자 치아바타,0,0,0,0.4,0.6,Sat,비,1.6,1.281585452,67.5,37.2388,68,1,110419.0768,30,,,,1,1,1,,,
01_06,소금빵,32,2,34,0.4,0.6,Sat,비,1.6,1.281585452,67.5,37.2388,68,1,110419.0768,30,,,,2,34,0,,,
01_06,갈레트 부르통,2,0,2,0.4,0.6,Sat,비,1.6,1.281585452,67.5,37.2388,68,1,110419.0768,30,,,,2,4,2,,,
01_06,통밀 비스코티,3,0,3,0.4,0.6,Sat,비,1.6,1.281585452,67.5,37.2388,68,1,110419.0768,30,,,,1,4,1,,,
01_06,5종 스콘,20,0,20,0.4,0.6,Sat,비,1.6,1.281585452,67.5,37.2388,68,1,110419.0768,30,,,,1,21,1,,,
01_06,레몬 마들렌,4,0,4,0.4,0.6,Sat,비,1.6,1.281585452,67.5,37.2388,68,1,110419.0768,30,,,,1,5,1,,,
01_06,르뱅 3종,4,0,4,0.4,0.6,Sat,비,1.6,1.281585452,67.5,37.2388,68,1,110419.0768,30,,,,0,4,0,,,
01_06,무화과 쿠키,2,1,3,0.4,0.6,Sat,비,1.6,1.281585452,67.5,37.2388,68,1,110419.0768,30,,,,1,3,0,,,
01_07,올리브 치아바타,0,0,0,-4.1,0,Sun,맑음,3,-4.92121729,55.6,32.771396,98,1,128614.024,40,,,,2,2,2,,,
01_07,감자 치아바타,0,0,0,-4.1,0,Sun,맑음,3,-4.92121729,55.6,32.771396,98,1,128614.024,40,,,,0,0,0,,,
01_07,소금빵,30,1,31,-4.1,0,Sun,맑음,3,-4.92121729,55.6,32.771396,98,1,128614.024,40,,,,1,31,0,,,
01_07,갈레트 부르통,3,0,3,-4.1,0,Sun,맑음,3,-4.92121729,55.6,32.771396,98,1,128614.024,40,,,,2,5,2,,,
01_07,통밀 비스코티,3,0,3,-4.1,0,Sun,맑음,3,-4.92121729,55.6,32.771396,98,1,128614.024,40,,,,2,5,2,,,
01_07,5종 스콘,24,0,24,-4.1,0,Sun,맑음,3,-4.92121729,55.6,32.771396,98,1,128614.024,40,,,,1,25,1,,,
01_07,레몬 마들렌,5,0,5,-4.1,0,Sun,맑음,3,-4.92121729,55.6,32.771396,98,1,128614.024,40,,,,1,6,1,,,
01_07,르뱅 3종,5,0,5,-4.1,0,Sun,맑음,3,-4.92121729,55.6,32.771396,98,1,128614.024,40,,,,0,5,0,,,
01_07,무화과 쿠키,3,0,3,-4.1,0,Sun,맑음,3,-4.92121729,55.6,32.771396,98,1,128614.024,40,,,,1,4,1,,,
01_08,올리브 치아바타,6,0,6,-4.6,0,Mon,맑음,1.2,-3.323354,57.5,31.73295,53,0,213919.244,26,,,,1,7,1,,,
01_08,감자 치아바타,8,1,9,-4.6,0,Mon,맑음,1.2,-3.323354,57.5,31.73295,53,0,213919.244,26,,,,1,9,0,,,
01_08,소금빵,22,2,24,-4.6,0,Mon,맑음,1.2,-3.323354,57.5,31.73295,53,0,213919.244,26,,,,4,26,2,,,
01_08,갈레트 부르통,1,0,1,-4.6,0,Mon,맑음,1.2,-3.323354,57.5,31.73295,53,0,213919.244,26,,,,1,2,1,,,
01_08,통밀 비스코티,2,0,2,-4.6,0,Mon,맑음,1.2,-3.323354,57.5,31.73295,53,0,213919.244,26,,,,1,3,1,,,
01_08,5종 스콘,18,0,18,-4.6,0,Mon,맑음,1.2,-3.323354,57.5,31.73295,53,0,213919.244,26,,,,1,19,1,,,
01_08,레몬 마들렌,2,0,2,-4.6,0,Mon,맑음,1.2,-3.323354,57.5,31.73295,53,0,213919.244,26,,,,1,3,1,,,
01_08,르뱅 3종,3,0,3,-4.6,0,Mon,맑음,1.2,-3.323354,57.5,31.73295,53,0,213919.244,26,,,,2,5,2,,,
01_08,무화과 쿠키,2,0,2,-4.6,0,Mon,맑음,1.2,-3.323354,57.5,31.73295,53,0,213919.244,26,,,,1,3,1,,,
01_09,올리브 치아바타,8,1,9,-0.4,3,Tue,비,0.9,1.535516538,83.1,33.763624,36,0,171998.9465,49,,,,3,11,2,,,
01_09,감자 치아바타,8,1,9,-0.4,3,Tue,비,0.9,1.535516538,83.1,33.763624,36,0,171998.9465,49,,,,2,10,1,,,
01_09,소금빵,22,0,22,-0.4,3,Tue,비,0.9,1.535516538,83.1,33.763624,36,0,171998.9465,49,,,,1,23,1,,,
01_09,갈레트 부르통,0,0,0,-0.4,3,Tue,비,0.9,1.535516538,83.1,33.763624,36,0,171998.9465,49,,,,0,0,0,,,
01_09,통밀 비스코티,2,0,2,-0.4,3,Tue,비,0.9,1.535516538,83.1,33.763624,36,0,171998.9465,49,,,,2,4,2,,,
01_09,5종 스콘,24,0,24,-0.4,3,Tue,비,0.9,1.535516538,83.1,33.763624,36,0,171998.9465,49,,,,2,26,2,,,
01_09,레몬 마들렌,1,0,1,-0.4,3,Tue,비,0.9,1.535516538,83.1,33.763624,36,0,171998.9465,49,,,,0,1,0,,,
01_09,르뱅 3종,4,0,4,-0.4,3,Tue,비,0.9,1.535516538,83.1,33.763624,36,0,171998.9465,49,,,,0,4,0,,,
01_09,무화과 쿠키,1,0,1,-0.4,3,Tue,비,0.9,1.535516538,83.1,33.763624,36,0,171998.9465,49,,,,0,1,0,,,
01_10,올리브 치아바타,6,1,7,-1.3,0,Wed,박무,1.3,-0.082950989,85.1,31.982463,40,0,198944.8969,18,,,,1,7,0,,,
01_10,감자 치아바타,6,1,7,-1.3,0,Wed,박무,1.3,-0.082950989,85.1,31.982463,40,0,198944.8969,18,,,,2,8,1,,,
01_10,소금빵,24,0,24,-1.3,0,Wed,박무,1.3,-0.082950989,85.1,31.982463,40,0,198944.8969,18,,,,2,26,2,,,
01_10,갈레트 부르통,3,0,3,-1.3,0,Wed,박무,1.3,-0.082950989,85.1,31.982463,40,0,198944.8969,18,,,,0,3,0,,,
01_10,통밀 비스코티,1,0,1,-1.3,0,Wed,박무,1.3,-0.082950989,85.1,31.982463,40,0,198944.8969,18,,,,2,3,2,,,
01_10,5종 스콘,15,3,18,-1.3,0,Wed,박무,1.3,-0.082950989,85.1,31.982463,40,0,198944.8969,18,,,,3,18,0,,,
01_10,레몬 마들렌,2,0,2,-1.3,0,Wed,박무,1.3,-0.082950989,85.1,31.982463,40,0,198944.8969,18,,,,1,3,1,,,
01_10,르뱅 3종,2,0,2,-1.3,0,Wed,박무,1.3,-0.082950989,85.1,31.982463,40,0,198944.8969,18,,,,1,3,1,,,
01_10,무화과 쿠키,1,0,1,-1.3,0,Wed,박무,1.3,-0.082950989,85.1,31.982463,40,0,198944.8969,18,,,,2,3,2,,,
01_11,올리브 치아바타,6,0,6,0.8,0,Thu,박무,1.5,1.823585902,80.4,36.087568,67,0,197724.3761,28,,,,1,7,1,,,
01_11,바질 치아바타,6,0,6,0.8,0,Thu,박무,1.5,1.823585902,80.4,36.087568,67,0,197724.3761,28,,,,0,6,0,,,
01_11,소금빵,20,2,22,0.8,0,Thu,박무,1.5,1.823585902,80.4,36.087568,67,0,197724.3761,28,,,,4,24,2,,,
01_11,갈레트 부르통,0,0,0,0.8,0,Thu,박무,1.5,1.823585902,80.4,36.087568,67,0,197724.3761,28,,,,1,1,1,,,
01_11,통밀 비스코티,1,0,1,0.8,0,Thu,박무,1.5,1.823585902,80.4,36.087568,67,0,197724.3761,28,,,,2,3,2,,,
01_11,5종 스콘,18,0,18,0.8,0,Thu,박무,1.5,1.823585902,80.4,36.087568,67,0,197724.3761,28,,,,2,20,2,,,
01_11,레몬 마들렌,1,0,1,0.8,0,Thu,박무,1.5,1.823585902,80.4,36.087568,67,0,197724.3761,28,,,,0,1,0,,,
01_11,르뱅 3종,1,0,1,0.8,0,Thu,박무,1.5,1.823585902,80.4,36.087568,67,0,197724.3761,28,,,,1,2,1,,,
01_11,무화과 쿠키,2,0,2,0.8,0,Thu,박무,1.5,1.823585902,80.4,36.087568,67,0,197724.3761,28,,,,1,3,1,,,
01_12,올리브 치아바타,6,1,7,0.8,0,Fri,박무,1.5,1.823585902,66.4,37.978688,50,0,180637.0843,40,,,,1,7,0,,,
01_12,감자 치아바타,6,0,6,0.8,0,Fri,박무,1.5,1.823585902,66.4,37.978688,50,0,180637.0843,40,,,,0,6,0,,,
01_12,소금빵,24,0,24,0.8,0,Fri,박무,1.5,1.823585902,66.4,37.978688,50,0,180637.0843,40,,,,1,25,1,,,
01_12,갈레트 부르통,1,0,1,0.8,0,Fri,박무,1.5,1.823585902,66.4,37.978688,50,0,180637.0843,40,,,,1,2,1,,,
01_12,통밀 비스코티,2,0,2,0.8,0,Fri,박무,1.5,1.823585902,66.4,37.978688,50,0,180637.0843,40,,,,0,2,0,,,
01_12,5종 스콘,3,3,6,0.8,0,Fri,박무,1.5,1.823585902,66.4,37.978688,50,0,180637.0843,40,,,,5,8,2,,,
01_12,레몬 마들렌,2,0,2,0.8,0,Fri,박무,1.5,1.823585902,66.4,37.978688,50,0,180637.0843,40,,,,2,4,2,,,
01_12,르뱅 3종,3,0,3,0.8,0,Fri,박무,1.5,1.823585902,66.4,37.978688,50,0,180637.0843,40,,,,1,4,1,,,
01_12,무화과 쿠키,1,0,1,0.8,0,Fri,박무,1.5,1.823585902,66.4,37.978688,50,0,180637.0843,40,,,,2,3,2,,,
01_13,올리브 치아바타,8,0,8,-0.2,0,Sat,맑음,1,1.5464,48.9,39.048478,15,1,136488.352,43,,,,1,9,1,,,
01_13,할라피뇨 치아바타,8,0,8,-0.2,0,Sat,맑음,1,1.5464,48.9,39.048478,15,1,136488.352,43,,,,0,8,0,,,
01_13,소금빵,32,0,32,-0.2,0,Sat,맑음,1,1.5464,48.9,39.048478,15,1,136488.352,43,,,,1,33,1,,,
01_13,갈레트 부르통,4,0,4,-0.2,0,Sat,맑음,1,1.5464,48.9,39.048478,15,1,136488.352,43,,,,2,6,2,,,
01_13,통밀 비스코티,1,0,1,-0.2,0,Sat,맑음,1,1.5464,48.9,39.048478,15,1,136488.352,43,,,,2,3,2,,,
01_13,5종 스콘,24,0,24,-0.2,0,Sat,맑음,1,1.5464,48.9,39.048478,15,1,136488.352,43,,,,0,24,0,,,
01_13,레몬 마들렌,1,0,1,-0.2,0,Sat,맑음,1,1.5464,48.9,39.048478,15,1,136488.352,43,,,,1,2,1,,,
01_13,르뱅 3종,4,0,4,-0.2,0,Sat,맑음,1,1.5464,48.9,39.048478,15,1,136488.352,43,,,,2,6,2,,,
01_13,무화과 쿠키,4,0,4,-0.2,0,Sat,맑음,1,1.5464,48.9,39.048478,15,1,136488.352,43,,,,2,6,2,,,
01_14,올리브 치아바타,6,0,6,-0.7,2.5,Sun,비,1.7,0.005324959,79.4,33.828558,13,1,104048.7454,34,,,,0,6,0,,,
01_14,감자 치아바타,6,0,6,-0.7,2.5,Sun,비,1.7,0.005324959,79.4,33.828558,13,1,104048.7454,34,,,,1,7,1,,,
01_14,소금빵,28,0,28,-0.7,2.5,Sun,비,1.7,0.005324959,79.4,33.828558,13,1,104048.7454,34,,,,0,28,0,,,
01_14,갈레트 부르통,2,0,2,-0.7,2.5,Sun,비,1.7,0.005324959,79.4,33.828558,13,1,104048.7454,34,,,,2,4,2,,,
01_14,통밀 비스코티,2,0,2,-0.7,2.5,Sun,비,1.7,0.005324959,79.4,33.828558,13,1,104048.7454,34,,,,1,3,1,,,
01_14,5종 스콘,18,3,21,-0.7,2.5,Sun,비,1.7,0.005324959,79.4,33.828558,13,1,104048.7454,34,,,,5,23,2,,,
01_14,레몬 마들렌,3,1,4,-0.7,2.5,Sun,비,1.7,0.005324959,79.4,33.828558,13,1,104048.7454,34,,,,1,4,0,,,
01_14,르뱅 3종,2,0,2,-0.7,2.5,Sun,비,1.7,0.005324959,79.4,33.828558,13,1,104048.7454,34,,,,1,3,1,,,
01_14,무화과 쿠키,2,0,2,-0.7,2.5,Sun,비,1.7,0.005324959,79.4,33.828558,13,1,104048.7454,34,,,,2,4,2,,,
01_15,올리브 치아바타,8,0,8,-3.2,0,Mon,맑음,2.2,-3.206961586,47.6,35.393232,10,0,213919.244,30,,,,2,10,2,,,
01_15,감자 치아바타,8,0,8,-3.2,0,Mon,맑음,2.2,-3.206961586,47.6,35.393232,10,0,213919.244,30,,,,2,10,2,,,
01_15,소금빵,22,0,22,-3.2,0,Mon,맑음,2.2,-3.206961586,47.6,35.393232,10,0,213919.244,30,,,,2,24,2,,,
01_15,갈레트 부르통,2,0,2,-3.2,0,Mon,맑음,2.2,-3.206961586,47.6,35.393232,10,0,213919.244,30,,,,1,3,1,,,
01_15,통밀 비스코티,2,0,2,-3.2,0,Mon,맑음,2.2,-3.206961586,47.6,35.393232,10,0,213919.244,30,,,,1,3,1,,,
01_15,5종 스콘,16,0,16,-3.2,0,Mon,맑음,2.2,-3.206961586,47.6,35.393232,10,0,213919.244,30,,,,1,17,1,,,
01_15,레몬 마들렌,2,0,2,-3.2,0,Mon,맑음,2.2,-3.206961586,47.6,35.393232,10,0,213919.244,30,,,,0,2,0,,,
01_15,르뱅 3종,1,0,1,-3.2,0,Mon,맑음,2.2,-3.206961586,47.6,35.393232,10,0,213919.244,30,,,,0,1,0,,,
01_15,무화과 쿠키,1,0,1,-3.2,0,Mon,맑음,2.2,-3.206961586,47.6,35.393232,10,0,213919.244,30,,,,1,2,1,,,
01_16,바질 치아바타,6,0,6,-2.7,0,Tue,맑음,1,-0.9986,54.3,34.896661,11,0,212606.856,38,,,,0,6,0,,,
01_16,감자 치아바타,6,0,6,-2.7,0,Tue,맑음,1,-0.9986,54.3,34.896661,11,0,212606.856,38,,,,0,6,0,,,
01_16,소금빵,24,0,24,-2.7,0,Tue,맑음,1,-0.9986,54.3,34.896661,11,0,212606.856,38,,,,2,26,2,,,
01_16,갈레트 부르통,1,0,1,-2.7,0,Tue,맑음,1,-0.9986,54.3,34.896661,11,0,212606.856,38,,,,0,1,0,,,
01_16,통밀 비스코티,1,0,1,-2.7,0,Tue,맑음,1,-0.9986,54.3,34.896661,11,0,212606.856,38,,,,1,2,1,,,
01_16,5종 스콘,18,0,18,-2.7,0,Tue,맑음,1,-0.9986,54.3,34.896661,11,0,212606.856,38,,,,1,19,1,,,
01_16,레몬 마들렌,1,0,1,-2.7,0,Tue,맑음,1,-0.9986,54.3,34.896661,11,0,212606.856,38,,,,0,1,0,,,
01_16,르뱅 3종,3,0,3,-2.7,0,Tue,맑음,1,-0.9986,54.3,34.896661,11,0,212606.856,38,,,,0,3,0,,,
01_16,무화과 쿠키,0,0,0,-2.7,0,Tue,맑음,1,-0.9986,54.3,34.896661,11,0,212606.856,38,,,,1,1,1,,,
01_17,올리브 치아바타,6,0,6,0.9,10.4,Wed,비,0.9,2.850300076,82.3,35.993393,15,0,173060.6684,39,,,,5,11,5,,,
01_17,바질 치아바타,6,0,6,0.9,10.4,Wed,비,0.9,2.850300076,82.3,35.993393,15,0,173060.6684,39,,,,5,11,5,,,
01_17,소금빵,22,1,23,0.9,10.4,Wed,비,0.9,2.850300076,82.3,35.993393,15,0,173060.6684,39,,,,7,29,6,,,
01_17,갈레트 부르통,2,0,2,0.9,10.4,Wed,비,0.9,2.850300076,82.3,35.993393,15,0,173060.6684,39,,,,5,7,5,,,
01_17,통밀 비스코티,2,0,2,0.9,10.4,Wed,비,0.9,2.850300076,82.3,35.993393,15,0,173060.6684,39,,,,5,7,5,,,
01_17,5종 스콘,18,2,20,0.9,10.4,Wed,비,0.9,2.850300076,82.3,35.993393,15,0,173060.6684,39,,,,8,26,6,,,
01_17,레몬 마들렌,2,0,2,0.9,10.4,Wed,비,0.9,2.850300076,82.3,35.993393,15,0,173060.6684,39,,,,7,9,7,,,
01_17,르뱅 3종,1,0,1,0.9,10.4,Wed,비,0.9,2.850300076,82.3,35.993393,15,0,173060.6684,39,,,,7,8,7,,,
01_17,무화과 쿠키,2,0,2,0.9,10.4,Wed,비,0.9,2.850300076,82.3,35.993393,15,0,173060.6684,39,,,,5,7,5,,,
01_18,올리브 치아바타,7,0,7,4.9,1.2,Thu,비,1.4,6.216774432,81.6,42.558616,23,0,171998.9465,28,,,,0,7,0,,,
01_18,감자 치아바타,9,1,10,4.9,1.2,Thu,비,1.4,6.216774432,81.6,42.558616,23,0,171998.9465,28,,,,3,12,2,,,
01_18,소금빵,20,0,20,4.9,1.2,Thu,비,1.4,6.216774432,81.6,42.558616,23,0,171998.9465,28,,,,1,21,1,,,
01_18,갈레트 부르통,0,0,0,4.9,1.2,Thu,비,1.4,6.216774432,81.6,42.558616,23,0,171998.9465,28,,,,0,0,0,,,
01_18,통밀 비스코티,1,0,1,4.9,1.2,Thu,비,1.4,6.216774432,81.6,42.558616,23,0,171998.9465,28,,,,0,1,0,,,
01_18,5종 스콘,16,0,16,4.9,1.2,Thu,비,1.4,6.216774432,81.6,42.558616,23,0,171998.9465,28,,,,0,16,0,,,
01_18,레몬 마들렌,1,0,1,4.9,1.2,Thu,비,1.4,6.216774432,81.6,42.558616,23,0,171998.9465,28,,,,2,3,2,,,
01_18,르뱅 3종,4,0,4,4.9,1.2,Thu,비,1.4,6.216774432,81.6,42.558616,23,0,171998.9465,28,,,,2,6,2,,,
01_18,무화과 쿠키,0,0,0,4.9,1.2,Thu,비,1.4,6.216774432,81.6,42.558616,23,0,171998.9465,28,,,,2,2,2,,,
01_19,올리브 치아바타,8,0,8,6.4,0,Fri,맑음,3.5,6.304912156,59.6,46.737456,22,0,194233.424,19,,,,2,10,2,,,
01_19,할라피뇨 치아바타,4,3,7,6.4,0,Fri,맑음,3.5,6.304912156,59.6,46.737456,22,0,194233.424,19,,,,3,7,0,,,
01_19,소금빵,23,0,23,6.4,0,Fri,맑음,3.5,6.304912156,59.6,46.737456,22,0,194233.424,19,,,,1,24,1,,,
01_19,갈레트 부르통,1,0,1,6.4,0,Fri,맑음,3.5,6.304912156,59.6,46.737456,22,0,194233.424,19,,,,0,1,0,,,
01_19,통밀 비스코티,0,0,0,6.4,0,Fri,맑음,3.5,6.304912156,59.6,46.737456,22,0,194233.424,19,,,,0,0,0,,,
01_19,5종 스콘,18,0,18,6.4,0,Fri,맑음,3.5,6.304912156,59.6,46.737456,22,0,194233.424,19,,,,0,18,0,,,
01_19,레몬 마들렌,2,0,2,6.4,0,Fri,맑음,3.5,6.304912156,59.6,46.737456,22,0,194233.424,19,,,,0,2,0,,,
01_19,르뱅 3종,3,0,3,6.4,0,Fri,맑음,3.5,6.304912156,59.6,46.737456,22,0,194233.424,19,,,,0,3,0,,,
01_19,무화과 쿠키,1,0,1,6.4,0,Fri,맑음,3.5,6.304912156,59.6,46.737456,22,0,194233.424,19,,,,2,3,2,,,
01_20,올리브 치아바타,6,1,7,3.8,1.4,Sat,비,3.2,3.600884839,72,41.79064,16,1,110419.0768,21,,,,1,7,0,,,
01_20,감자 치아바타,6,1,7,3.8,1.4,Sat,비,3.2,3.600884839,72,41.79064,16,1,110419.0768,21,,,,2,8,1,,,
01_20,소금빵,24,0,24,3.8,1.4,Sat,비,3.2,3.600884839,72,41.79064,16,1,110419.0768,21,,,,1,25,1,,,
01_20,갈레트 부르통,3,0,3,3.8,1.4,Sat,비,3.2,3.600884839,72,41.79064,16,1,110419.0768,21,,,,1,4,1,,,
01_20,통밀 비스코티,1,0,1,3.8,1.4,Sat,비,3.2,3.600884839,72,41.79064,16,1,110419.0768,21,,,,2,3,2,,,
01_20,5종 스콘,15,3,18,3.8,1.4,Sat,비,3.2,3.600884839,72,41.79064,16,1,110419.0768,21,,,,3,18,0,,,
01_20,레몬 마들렌,2,0,2,3.8,1.4,Sat,비,3.2,3.600884839,72,41.79064,16,1,110419.0768,21,,,,2,4,2,,,
01_20,르뱅 3종,2,0,2,3.8,1.4,Sat,비,3.2,3.600884839,72,41.79064,16,1,110419.0768,21,,,,0,2,0,,,
01_20,무화과 쿠키,1,0,1,3.8,1.4,Sat,비,3.2,3.600884839,72,41.79064,16,1,110419.0768,21,,,,0,1,0,,,
01_21,올리브 치아바타,8,0,8,1.9,0,Sun,박무,2,2.439003506,77.5,38.214275,8,1,119611.0423,21,,,,0,8,0,,,
01_21,감자 치아바타,8,0,8,1.9,0,Sun,박무,2,2.439003506,77.5,38.214275,8,1,119611.0423,21,,,,1,9,1,,,
01_21,소금빵,26,1,27,1.9,0,Sun,박무,2,2.439003506,77.5,38.214275,8,1,119611.0423,21,,,,3,29,2,,,
01_21,갈레트 부르통,1,0,1,1.9,0,Sun,박무,2,2.439003506,77.5,38.214275,8,1,119611.0423,21,,,,1,2,1,,,
01_21,통밀 비스코티,2,0,2,1.9,0,Sun,박무,2,2.439003506,77.5,38.214275,8,1,119611.0423,21,,,,2,4,2,,,
01_21,5종 스콘,18,0,18,1.9,0,Sun,박무,2,2.439003506,77.5,38.214275,8,1,119611.0423,21,,,,2,20,2,,,
01_21,레몬 마들렌,3,0,3,1.9,0,Sun,박무,2,2.439003506,77.5,38.214275,8,1,119611.0423,21,,,,2,5,2,,,
01_21,르뱅 3종,2,0,2,1.9,0,Sun,박무,2,2.439003506,77.5,38.214275,8,1,119611.0423,21,,,,2,4,2,,,
01_21,무화과 쿠키,2,0,2,1.9,0,Sun,박무,2,2.439003506,77.5,38.214275,8,1,119611.0423,21,,,,1,3,1,,,
01_22,올리브 치아바타,8,0,8,-7.8,0.2,Mon,비,4.3,-9.992054612,64.9,25.689722,13,0,173060.6684,17,,,,0,8,0,,,
01_22,바질 치아바타,5,1,6,-7.8,0.2,Mon,비,4.3,-9.992054612,64.9,25.689722,13,0,173060.6684,17,,,,1,6,0,,,
01_22,소금빵,22,2,24,-7.8,0.2,Mon,비,4.3,-9.992054612,64.9,25.689722,13,0,173060.6684,17,,,,3,25,1,,,
01_22,갈레트 부르통,2,0,2,-7.8,0.2,Mon,비,4.3,-9.992054612,64.9,25.689722,13,0,173060.6684,17,,,,0,2,0,,,
01_22,통밀 비스코티,1,0,1,-7.8,0.2,Mon,비,4.3,-9.992054612,64.9,25.689722,13,0,173060.6684,17,,,,0,1,0,,,
01_22,5종 스콘,15,1,16,-7.8,0.2,Mon,비,4.3,-9.992054612,64.9,25.689722,13,0,173060.6684,17,,,,2,17,1,,,
01_22,레몬 마들렌,1,0,1,-7.8,0.2,Mon,비,4.3,-9.992054612,64.9,25.689722,13,0,173060.6684,17,,,,0,1,0,,,
01_22,르뱅 3종,4,0,4,-7.8,0.2,Mon,비,4.3,-9.992054612,64.9,25.689722,13,0,173060.6684,17,,,,1,5,1,,,
01_22,무화과 쿠키,0,0,0,-7.8,0.2,Mon,비,4.3,-9.992054612,64.9,25.689722,13,0,173060.6684,17,,,,2,2,2,,,
01_23,올리브 치아바타,8,0,8,-10.8,0,Tue,박무,3.7,-12.88910525,54.9,23.831392,27,0,197724.3761,22,,,,0,8,0,,,
01_23,감자 치아바타,8,0,8,-10.8,0,Tue,박무,3.7,-12.88910525,54.9,23.831392,27,0,197724.3761,22,,,,2,10,2,,,
01_23,소금빵,22,0,22,-10.8,0,Tue,박무,3.7,-12.88910525,54.9,23.831392,27,0,197724.3761,22,,,,1,23,1,,,
01_23,갈레트 부르통,2,0,2,-10.8,0,Tue,박무,3.7,-12.88910525,54.9,23.831392,27,0,197724.3761,22,,,,2,4,2,,,
01_23,통밀 비스코티,2,0,2,-10.8,0,Tue,박무,3.7,-12.88910525,54.9,23.831392,27,0,197724.3761,22,,,,1,3,1,,,
01_23,5종 스콘,16,0,16,-10.8,0,Tue,박무,3.7,-12.88910525,54.9,23.831392,27,0,197724.3761,22,,,,2,18,2,,,
01_23,레몬 마들렌,2,0,2,-10.8,0,Tue,박무,3.7,-12.88910525,54.9,23.831392,27,0,197724.3761,22,,,,0,2,0,,,
01_23,르뱅 3종,2,0,2,-10.8,0,Tue,박무,3.7,-12.88910525,54.9,23.831392,27,0,197724.3761,22,,,,0,2,0,,,
01_23,무화과 쿠키,1,0,1,-10.8,0,Tue,박무,3.7,-12.88910525,54.9,23.831392,27,0,197724.3761,22,,,,1,2,1,,,
01_24,올리브 치아바타,8,0,8,-7.2,0,Wed,맑음,3.7,-8.891926909,49.6,29.839712,7,0,213919.244,32,,,,2,10,2,,,
01_24,피자 치아바타,8,0,8,-7.2,0,Wed,맑음,3.7,-8.891926909,49.6,29.839712,7,0,213919.244,32,,,,0,8,0,,,
01_24,소금빵,24,3,27,-7.2,0,Wed,맑음,3.7,-8.891926909,49.6,29.839712,7,0,213919.244,32,,,,3,27,0,,,
01_24,갈레트 부르통,1,0,1,-7.2,0,Wed,맑음,3.7,-8.891926909,49.6,29.839712,7,0,213919.244,32,,,,0,1,0,,,
01_24,통밀 비스코티,0,0,0,-7.2,0,Wed,맑음,3.7,-8.891926909,49.6,29.839712,7,0,213919.244,32,,,,0,0,0,,,
01_24,5종 스콘,18,3,21,-7.2,0,Wed,맑음,3.7,-8.891926909,49.6,29.839712,7,0,213919.244,32,,,,5,23,2,,,
01_24,레몬 마들렌,2,0,2,-7.2,0,Wed,맑음,3.7,-8.891926909,49.6,29.839712,7,0,213919.244,32,,,,2,4,2,,,
01_24,르뱅 3종,2,0,2,-7.2,0,Wed,맑음,3.7,-8.891926909,49.6,29.839712,7,0,213919.244,32,,,,1,3,1,,,
01_24,무화과 쿠키,2,0,2,-7.2,0,Wed,맑음,3.7,-8.891926909,49.6,29.839712,7,0,213919.244,32,,,,0,2,0,,,
01_25,올리브 치아바타,7,1,8,-5.1,0,Thu,맑음,1.8,-4.762401707,47.1,33.055621,8,0,212606.856,32,,,,1,8,0,,,
01_25,감자 치아바타,6,1,7,-5.1,0,Thu,맑음,1.8,-4.762401707,47.1,33.055621,8,0,212606.856,32,,,,3,9,2,,,
01_25,소금빵,22,0,22,-5.1,0,Thu,맑음,1.8,-4.762401707,47.1,33.055621,8,0,212606.856,32,,,,2,24,2,,,
01_25,갈레트 부르통,2,0,2,-5.1,0,Thu,맑음,1.8,-4.762401707,47.1,33.055621,8,0,212606.856,32,,,,1,3,1,,,
01_25,통밀 비스코티,1,0,1,-5.1,0,Thu,맑음,1.8,-4.762401707,47.1,33.055621,8,0,212606.856,32,,,,0,1,0,,,
01_25,5종 스콘,15,0,15,-5.1,0,Thu,맑음,1.8,-4.762401707,47.1,33.055621,8,0,212606.856,32,,,,0,15,0,,,
01_25,레몬 마들렌,1,0,1,-5.1,0,Thu,맑음,1.8,-4.762401707,47.1,33.055621,8,0,212606.856,32,,,,2,3,2,,,
01_25,르뱅 3종,4,0,4,-5.1,0,Thu,맑음,1.8,-4.762401707,47.1,33.055621,8,0,212606.856,32,,,,2,6,2,,,
01_25,무화과 쿠키,3,0,3,-5.1,0,Thu,맑음,1.8,-4.762401707,47.1,33.055621,8,0,212606.856,32,,,,1,4,1,,,
01_26,올리브 치아바타,8,0,8,-2.4,0,Fri,맑음,1.2,-1.057932957,66.9,33.199756,19,0,194233.424,29,,,,0,8,0,,,
01_26,바질 치아바타,9,3,12,-2.4,0,Fri,맑음,1.2,-1.057932957,66.9,33.199756,19,0,194233.424,29,,,,4,13,1,,,
01_26,소금빵,21,1,22,-2.4,0,Fri,맑음,1.2,-1.057932957,66.9,33.199756,19,0,194233.424,29,,,,3,24,2,,,
01_26,갈레트 부르통,1,0,1,-2.4,0,Fri,맑음,1.2,-1.057932957,66.9,33.199756,19,0,194233.424,29,,,,0,1,0,,,
01_26,통밀 비스코티,2,0,2,-2.4,0,Fri,맑음,1.2,-1.057932957,66.9,33.199756,19,0,194233.424,29,,,,0,2,0,,,
01_26,5종 스콘,18,2,20,-2.4,0,Fri,맑음,1.2,-1.057932957,66.9,33.199756,19,0,194233.424,29,,,,2,20,0,,,
01_26,레몬 마들렌,2,0,2,-2.4,0,Fri,맑음,1.2,-1.057932957,66.9,33.199756,19,0,194233.424,29,,,,2,4,2,,,
01_26,르뱅 3종,2,0,2,-2.4,0,Fri,맑음,1.2,-1.057932957,66.9,33.199756,19,0,194233.424,29,,,,2,4,2,,,
01_26,무화과 쿠키,1,0,1,-2.4,0,Fri,맑음,1.2,-1.057932957,66.9,33.199756,19,0,194233.424,29,,,,2,3,2,,,
01_27,올리브 치아바타,8,2,10,-1.5,0,Sat,박무,1.3,-0.289950725,72.4,33.65666,18,1,126934.1674,19,,,,3,11,1,,,
01_27,감자 치아바타,8,2,10,-1.5,0,Sat,박무,1.3,-0.289950725,72.4,33.65666,18,1,126934.1674,19,,,,4,12,2,,,
01_27,소금빵,32,2,34,-1.5,0,Sat,박무,1.3,-0.289950725,72.4,33.65666,18,1,126934.1674,19,,,,4,36,2,,,
01_27,갈레트 부르통,3,0,3,-1.5,0,Sat,박무,1.3,-0.289950725,72.4,33.65666,18,1,126934.1674,19,,,,1,4,1,,,
01_27,통밀 비스코티,4,0,4,-1.5,0,Sat,박무,1.3,-0.289950725,72.4,33.65666,18,1,126934.1674,19,,,,2,6,2,,,
01_27,5종 스콘,15,0,15,-1.5,0,Sat,박무,1.3,-0.289950725,72.4,33.65666,18,1,126934.1674,19,,,,2,17,2,,,
01_27,레몬 마들렌,1,0,1,-1.5,0,Sat,박무,1.3,-0.289950725,72.4,33.65666,18,1,126934.1674,19,,,,1,2,1,,,
01_27,르뱅 3종,5,0,5,-1.5,0,Sat,박무,1.3,-0.289950725,72.4,33.65666,18,1,126934.1674,19,,,,0,5,0,,,
01_27,무화과 쿠키,1,0,1,-1.5,0,Sat,박무,1.3,-0.289950725,72.4,33.65666,18,1,126934.1674,19,,,,1,2,1,,,
01_28,올리브 치아바타,6,0,6,-1.9,0,Sun,박무,1.3,-0.703950197,71,33.27249,10,1,119611.0423,29,,,,1,7,1,,,
01_28,감자 치아바타,6,0,6,-1.9,0,Sun,박무,1.3,-0.703950197,71,33.27249,10,1,119611.0423,29,,,,1,7,1,,,
01_28,소금빵,24,0,24,-1.9,0,Sun,박무,1.3,-0.703950197,71,33.27249,10,1,119611.0423,29,,,,0,24,0,,,
01_28,갈레트 부르통,1,0,1,-1.9,0,Sun,박무,1.3,-0.703950197,71,33.27249,10,1,119611.0423,29,,,,2,3,2,,,
01_28,통밀 비스코티,2,0,2,-1.9,0,Sun,박무,1.3,-0.703950197,71,33.27249,10,1,119611.0423,29,,,,1,3,1,,,
01_28,5종 스콘,18,1,19,-1.9,0,Sun,박무,1.3,-0.703950197,71,33.27249,10,1,119611.0423,29,,,,3,21,2,,,
01_28,레몬 마들렌,1,0,1,-1.9,0,Sun,박무,1.3,-0.703950197,71,33.27249,10,1,119611.0423,29,,,,1,2,1,,,
01_28,르뱅 3종,3,0,3,-1.9,0,Sun,박무,1.3,-0.703950197,71,33.27249,10,1,119611.0423,29,,,,2,5,2,,,
01_28,무화과 쿠키,2,0,2,-1.9,0,Sun,박무,1.3,-0.703950197,71,33.27249,10,1,119611.0423,29,,,,1,3,1,,,
01_29,올리브 치아바타,6,0,6,-1.1,0,Mon,박무,1.2,0.280724932,70.6,34.544366,13,0,198944.8969,30,,,,1,7,1,,,
01_29,감자 치아바타,6,0,6,-1.1,0,Mon,박무,1.2,0.280724932,70.6,34.544366,13,0,198944.8969,30,,,,1,7,1,,,
01_29,소금빵,22,0,22,-1.1,0,Mon,박무,1.2,0.280724932,70.6,34.544366,13,0,198944.8969,30,,,,0,22,0,,,
01_29,갈레트 부르통,1,0,1,-1.1,0,Mon,박무,1.2,0.280724932,70.6,34.544366,13,0,198944.8969,30,,,,2,3,2,,,
01_29,통밀 비스코티,2,0,2,-1.1,0,Mon,박무,1.2,0.280724932,70.6,34.544366,13,0,198944.8969,30,,,,2,4,2,,,
01_29,5종 스콘,12,3,15,-1.1,0,Mon,박무,1.2,0.280724932,70.6,34.544366,13,0,198944.8969,30,,,,3,15,0,,,
01_29,레몬 마들렌,1,0,1,-1.1,0,Mon,박무,1.2,0.280724932,70.6,34.544366,13,0,198944.8969,30,,,,1,2,1,,,
01_29,르뱅 3종,4,0,4,-1.1,0,Mon,박무,1.2,0.280724932,70.6,34.544366,13,0,198944.8969,30,,,,1,5,1,,,
01_29,무화과 쿠키,3,0,3,-1.1,0,Mon,박무,1.2,0.280724932,70.6,34.544366,13,0,198944.8969,30,,,,1,4,1,,,
01_30,올리브 치아바타,8,2,10,0.2,0,Tue,박무,0.9,2.142339709,64.4,37.380312,14,0,197724.3761,30,,,,3,11,1,,,
01_30,감자 치아바타,9,1,10,0.2,0,Tue,박무,0.9,2.142339709,64.4,37.380312,14,0,197724.3761,30,,,,3,12,2,,,
01_30,소금빵,24,1,25,0.2,0,Tue,박무,0.9,2.142339709,64.4,37.380312,14,0,197724.3761,30,,,,1,25,0,,,
01_30,갈레트 부르통,2,0,2,0.2,0,Tue,박무,0.9,2.142339709,64.4,37.380312,14,0,197724.3761,30,,,,0,2,0,,,
01_30,통밀 비스코티,0,0,0,0.2,0,Tue,박무,0.9,2.142339709,64.4,37.380312,14,0,197724.3761,30,,,,1,1,1,,,
01_30,5종 스콘,18,0,18,0.2,0,Tue,박무,0.9,2.142339709,64.4,37.380312,14,0,197724.3761,30,,,,1,19,1,,,
01_30,레몬 마들렌,3,0,3,0.2,0,Tue,박무,0.9,2.142339709,64.4,37.380312,14,0,197724.3761,30,,,,1,4,1,,,
01_30,르뱅 3종,1,0,1,0.2,0,Tue,박무,0.9,2.142339709,64.4,37.380312,14,0,197724.3761,30,,,,2,3,2,,,
01_30,무화과 쿠키,1,0,1,0.2,0,Tue,박무,0.9,2.142339709,64.4,37.380312,14,0,197724.3761,30,,,,0,1,0,,,
01_31,올리브 치아바타,8,0,8,4.2,0,Wed,박무,1.3,5.609541754,55.8,44.042764,15,0,198944.8969,20,,,,0,8,0,,,
01_31,바질 치아바타,8,0,8,4.2,0,Wed,박무,1.3,5.609541754,55.8,44.042764,15,0,198944.8969,20,,,,0,8,0,,,
01_31,소금빵,24,0,24,4.2,0,Wed,박무,1.3,5.609541754,55.8,44.042764,15,0,198944.8969,20,,,,0,24,0,,,
01_31,갈레트 부르통,1,0,1,4.2,0,Wed,박무,1.3,5.609541754,55.8,44.042764,15,0,198944.8969,20,,,,0,1,0,,,
01_31,통밀 비스코티,1,0,1,4.2,0,Wed,박무,1.3,5.609541754,55.8,44.042764,15,0,198944.8969,20,,,,0,1,0,,,
01_31,5종 스콘,15,2,17,4.2,0,Wed,박무,1.3,5.609541754,55.8,44.042764,15,0,198944.8969,20,,,,4,19,2,,,
01_31,레몬 마들렌,2,0,2,4.2,0,Wed,박무,1.3,5.609541754,55.8,44.042764,15,0,198944.8969,20,,,,0,2,0,,,
01_31,르뱅 3종,2,0,2,4.2,0,Wed,박무,1.3,5.609541754,55.8,44.042764,15,0,198944.8969,20,,,,2,4,2,,,
01_31,무화과 쿠키,2,0,2,4.2,0,Wed,박무,1.3,5.609541754,55.8,44.042764,15,0,198944.8969,20,,,,1,3,1,,,
02_01,올리브 치아바타,6,0,6,1.9,0,Thu,박무,1.5,2.972618863,69.6,39.195376,34,0,197724.3761,19,,,,0,6,0,,,
02_01,바질 치아바타,5,2,7,1.9,0,Thu,박무,1.5,2.972618863,69.6,39.195376,34,0,197724.3761,19,,,,3,8,1,,,
02_01,소금빵,20,4,24,1.9,0,Thu,박무,1.5,2.972618863,69.6,39.195376,34,0,197724.3761,19,,,,6,26,2,,,
02_01,갈레트 부르통,2,0,2,1.9,0,Thu,박무,1.5,2.972618863,69.6,39.195376,34,0,197724.3761,19,,,,1,3,1,,,
02_01,통밀 비스코티,0,0,0,1.9,0,Thu,박무,1.5,2.972618863,69.6,39.195376,34,0,197724.3761,19,,,,1,1,1,,,
02_01,5종 스콘,11,4,15,1.9,0,Thu,박무,1.5,2.972618863,69.6,39.195376,34,0,197724.3761,19,,,,6,17,2,,,
02_01,레몬 마들렌,1,0,1,1.9,0,Thu,박무,1.5,2.972618863,69.6,39.195376,34,0,197724.3761,19,,,,0,1,0,,,
02_01,르뱅 3종,1,0,1,1.9,0,Thu,박무,1.5,2.972618863,69.6,39.195376,34,0,197724.3761,19,,,,1,2,1,,,
02_01,무화과 쿠키,1,0,1,1.9,0,Thu,박무,1.5,2.972618863,69.6,39.195376,34,0,197724.3761,19,,,,0,1,0,,,
02_02,올리브 치아바타,6,0,6,1.3,0,Fri,박무,1.1,2.906603583,73.3,37.814471,14,0,180637.0843,22,,,,2,8,2,,,
02_02,감자 치아바타,5,2,7,1.3,0,Fri,박무,1.1,2.906603583,73.3,37.814471,14,0,180637.0843,22,,,,2,7,0,,,
02_02,소금빵,21,4,25,1.3,0,Fri,박무,1.1,2.906603583,73.3,37.814471,14,0,180637.0843,22,,,,4,25,0,,,
02_02,갈레트 부르통,1,0,1,1.3,0,Fri,박무,1.1,2.906603583,73.3,37.814471,14,0,180637.0843,22,,,,2,3,2,,,
02_02,통밀 비스코티,2,0,2,1.3,0,Fri,박무,1.1,2.906603583,73.3,37.814471,14,0,180637.0843,22,,,,2,4,2,,,
02_02,5종 스콘,15,0,15,1.3,0,Fri,박무,1.1,2.906603583,73.3,37.814471,14,0,180637.0843,22,,,,0,15,0,,,
02_02,레몬 마들렌,3,0,3,1.3,0,Fri,박무,1.1,2.906603583,73.3,37.814471,14,0,180637.0843,22,,,,2,5,2,,,
02_02,르뱅 3종,3,0,3,1.3,0,Fri,박무,1.1,2.906603583,73.3,37.814471,14,0,180637.0843,22,,,,1,4,1,,,
02_02,무화과 쿠키,2,0,2,1.3,0,Fri,박무,1.1,2.906603583,73.3,37.814471,14,0,180637.0843,22,,,,0,2,0,,,
02_03,올리브 치아바타,0,0,0,3.2,0.6,Sat,비,1.3,4.574543073,77,40.32036,18,1,110419.0768,34,,,,1,1,1,,,
02_03,바질 치아바타,0,0,0,3.2,0.6,Sat,비,1.3,4.574543073,77,40.32036,18,1,110419.0768,34,,,,2,2,2,,,
02_03,소금빵,32,3,35,3.2,0.6,Sat,비,1.3,4.574543073,77,40.32036,18,1,110419.0768,34,,,,5,37,2,,,
02_03,갈레트 부르통,1,0,1,3.2,0.6,Sat,비,1.3,4.574543073,77,40.32036,18,1,110419.0768,34,,,,1,2,1,,,
02_03,통밀 비스코티,4,0,4,3.2,0.6,Sat,비,1.3,4.574543073,77,40.32036,18,1,110419.0768,34,,,,1,5,1,,,
02_03,5종 스콘,18,1,19,3.2,0.6,Sat,비,1.3,4.574543073,77,40.32036,18,1,110419.0768,34,,,,1,19,0,,,
02_03,레몬 마들렌,2,0,2,3.2,0.6,Sat,비,1.3,4.574543073,77,40.32036,18,1,110419.0768,34,,,,1,3,1,,,
02_03,르뱅 3종,3,0,3,3.2,0.6,Sat,비,1.3,4.574543073,77,40.32036,18,1,110419.0768,34,,,,2,5,2,,,
02_03,무화과 쿠키,0,0,0,3.2,0.6,Sat,비,1.3,4.574543073,77,40.32036,18,1,110419.0768,34,,,,0,0,0,,,
02_04,올리브 치아바타,0,0,0,6.5,0,Sun,박무,1.6,7.680282925,71.1,45.972985,27,1,119611.0423,30,,,,2,2,2,,,
02_04,바질 치아바타,0,0,0,6.5,0,Sun,박무,1.6,7.680282925,71.1,45.972985,27,1,119611.0423,30,,,,1,1,1,,,
02_04,소금빵,32,3,35,6.5,0,Sun,박무,1.6,7.680282925,71.1,45.972985,27,1,119611.0423,30,,,,5,37,2,,,
02_04,갈레트 부르통,1,0,1,6.5,0,Sun,박무,1.6,7.680282925,71.1,45.972985,27,1,119611.0423,30,,,,1,2,1,,,
02_04,통밀 비스코티,4,0,4,6.5,0,Sun,박무,1.6,7.680282925,71.1,45.972985,27,1,119611.0423,30,,,,2,6,2,,,
02_04,5종 스콘,18,1,19,6.5,0,Sun,박무,1.6,7.680282925,71.1,45.972985,27,1,119611.0423,30,,,,2,20,1,,,
02_04,레몬 마들렌,2,0,2,6.5,0,Sun,박무,1.6,7.680282925,71.1,45.972985,27,1,119611.0423,30,,,,2,4,2,,,
02_04,르뱅 3종,3,0,3,6.5,0,Sun,박무,1.6,7.680282925,71.1,45.972985,27,1,119611.0423,30,,,,0,3,0,,,
02_04,무화과 쿠키,0,0,0,6.5,0,Sun,박무,1.6,7.680282925,71.1,45.972985,27,1,119611.0423,30,,,,2,2,2,,,
02_05,올리브 치아바타,8,0,8,2.8,4.7,Mon,비,2.9,2.694906965,86.8,38.561696,52,0,173060.6684,26,,,,4,12,4,,,
02_05,감자 치아바타,8,0,8,2.8,4.7,Mon,비,2.9,2.694906965,86.8,38.561696,52,0,173060.6684,26,,,,2,10,2,,,
02_05,소금빵,22,1,23,2.8,4.7,Mon,비,2.9,2.694906965,86.8,38.561696,52,0,173060.6684,26,,,,3,25,2,,,
02_05,갈레트 부르통,1,0,1,2.8,4.7,Mon,비,2.9,2.694906965,86.8,38.561696,52,0,173060.6684,26,,,,3,4,3,,,
02_05,통밀 비스코티,1,0,1,2.8,4.7,Mon,비,2.9,2.694906965,86.8,38.561696,52,0,173060.6684,26,,,,4,5,4,,,
02_05,5종 스콘,18,0,18,2.8,4.7,Mon,비,2.9,2.694906965,86.8,38.561696,52,0,173060.6684,26,,,,4,22,4,,,
02_05,레몬 마들렌,2,0,2,2.8,4.7,Mon,비,2.9,2.694906965,86.8,38.561696,52,0,173060.6684,26,,,,3,5,3,,,
02_05,르뱅 3종,2,0,2,2.8,4.7,Mon,비,2.9,2.694906965,86.8,38.561696,52,0,173060.6684,26,,,,4,6,4,,,
02_05,무화과 쿠키,2,0,2,2.8,4.7,Mon,비,2.9,2.694906965,86.8,38.561696,52,0,173060.6684,26,,,,3,5,3,,,
02_06,올리브 치아바타,6,0,6,1.5,0,Tue,박무,1.6,2.435448931,79,37.39115,59,0,197724.3761,19,,,,0,6,0,,,
02_06,바질 치아바타,6,0,6,1.5,0,Tue,박무,1.6,2.435448931,79,37.39115,59,0,197724.3761,19,,,,1,7,1,,,
02_06,소금빵,25,0,25,1.5,0,Tue,박무,1.6,2.435448931,79,37.39115,59,0,197724.3761,19,,,,1,26,1,,,
02_06,갈레트 부르통,2,0,2,1.5,0,Tue,박무,1.6,2.435448931,79,37.39115,59,0,197724.3761,19,,,,0,2,0,,,
02_06,통밀 비스코티,0,0,0,1.5,0,Tue,박무,1.6,2.435448931,79,37.39115,59,0,197724.3761,19,,,,2,2,2,,,
02_06,5종 스콘,12,4,16,1.5,0,Tue,박무,1.6,2.435448931,79,37.39115,59,0,197724.3761,19,,,,5,17,1,,,
02_06,레몬 마들렌,1,0,1,1.5,0,Tue,박무,1.6,2.435448931,79,37.39115,59,0,197724.3761,19,,,,0,1,0,,,
02_06,르뱅 3종,3,0,3,1.5,0,Tue,박무,1.6,2.435448931,79,37.39115,59,0,197724.3761,19,,,,1,4,1,,,
02_06,무화과 쿠키,0,0,0,1.5,0,Tue,박무,1.6,2.435448931,79,37.39115,59,0,197724.3761,19,,,,0,0,0,,,
02_07,올리브 치아바타,8,0,8,0,0,Wed,박무,1.5,0.987925567,78,35.146,65,0,198944.8969,18,,,,0,8,0,,,
02_07,감자 치아바타,8,2,10,0,0,Wed,박무,1.5,0.987925567,78,35.146,65,0,198944.8969,18,,,,3,11,1,,,
02_07,소금빵,24,2,26,0,0,Wed,박무,1.5,0.987925567,78,35.146,65,0,198944.8969,18,,,,4,28,2,,,
02_07,갈레트 부르통,1,0,1,0,0,Wed,박무,1.5,0.987925567,78,35.146,65,0,198944.8969,18,,,,2,3,2,,,
02_07,통밀 비스코티,3,0,3,0,0,Wed,박무,1.5,0.987925567,78,35.146,65,0,198944.8969,18,,,,1,4,1,,,
02_07,5종 스콘,16,1,17,0,0,Wed,박무,1.5,0.987925567,78,35.146,65,0,198944.8969,18,,,,1,17,0,,,
02_07,레몬 마들렌,2,0,2,0,0,Wed,박무,1.5,0.987925567,78,35.146,65,0,198944.8969,18,,,,0,2,0,,,
02_07,르뱅 3종,4,0,4,0,0,Wed,박무,1.5,0.987925567,78,35.146,65,0,198944.8969,18,,,,2,6,2,,,
02_07,무화과 쿠키,1,0,1,0,0,Wed,박무,1.5,0.987925567,78,35.146,65,0,198944.8969,18,,,,0,1,0,,,
02_08,올리브 치아바타,6,0,6,-0.4,0,Thu,박무,1.2,1.001540718,71.8,35.424272,50,0,197724.3761,18,,,,2,8,2,,,
02_08,바질 치아바타,6,4,10,-0.4,0,Thu,박무,1.2,1.001540718,71.8,35.424272,50,0,197724.3761,18,,,,4,10,0,,,
02_08,소금빵,28,2,30,-0.4,0,Thu,박무,1.2,1.001540718,71.8,35.424272,50,0,197724.3761,18,,,,3,31,1,,,
02_08,갈레트 부르통,1,0,1,-0.4,0,Thu,박무,1.2,1.001540718,71.8,35.424272,50,0,197724.3761,18,,,,1,2,1,,,
02_08,통밀 비스코티,2,0,2,-0.4,0,Thu,박무,1.2,1.001540718,71.8,35.424272,50,0,197724.3761,18,,,,0,2,0,,,
02_08,5종 스콘,12,4,16,-0.4,0,Thu,박무,1.2,1.001540718,71.8,35.424272,50,0,197724.3761,18,,,,6,18,2,,,
02_08,레몬 마들렌,1,0,1,-0.4,0,Thu,박무,1.2,1.001540718,71.8,35.424272,50,0,197724.3761,18,,,,0,1,0,,,
02_08,르뱅 3종,2,0,2,-0.4,0,Thu,박무,1.2,1.001540718,71.8,35.424272,50,0,197724.3761,18,,,,0,2,0,,,
02_08,무화과 쿠키,1,0,1,-0.4,0,Thu,박무,1.2,1.001540718,71.8,35.424272,50,0,197724.3761,18,,,,0,1,0,,,
02_09,올리브 치아바타,10,0,10,0,0,Fri,박무,1.8,0.628802776,72.1,35.9897,22,1,180637.0843,26,,,,1,11,1,,,
02_09,바질 치아바타,10,2,12,0,0,Fri,박무,1.8,0.628802776,72.1,35.9897,22,1,180637.0843,26,,,,2,12,0,,,
02_09,소금빵,32,4,36,0,0,Fri,박무,1.8,0.628802776,72.1,35.9897,22,1,180637.0843,26,,,,4,36,0,,,
02_09,갈레트 부르통,3,0,3,0,0,Fri,박무,1.8,0.628802776,72.1,35.9897,22,1,180637.0843,26,,,,0,3,0,,,
02_09,통밀 비스코티,3,0,3,0,0,Fri,박무,1.8,0.628802776,72.1,35.9897,22,1,180637.0843,26,,,,2,5,2,,,
02_09,5종 스콘,18,0,18,0,0,Fri,박무,1.8,0.628802776,72.1,35.9897,22,1,180637.0843,26,,,,2,20,2,,,
02_09,레몬 마들렌,2,0,2,0,0,Fri,박무,1.8,0.628802776,72.1,35.9897,22,1,180637.0843,26,,,,2,4,2,,,
02_09,르뱅 3종,5,0,5,0,0,Fri,박무,1.8,0.628802776,72.1,35.9897,22,1,180637.0843,26,,,,1,6,1,,,
02_09,무화과 쿠키,4,0,4,0,0,Fri,박무,1.8,0.628802776,72.1,35.9897,22,1,180637.0843,26,,,,0,4,0,,,
02_10,올리브 치아바타,0,0,0,0.5,0,Sat,박무,1.6,1.386482132,73.9,36.503105,16,1,126934.1674,27,,,,1,1,1,,,
02_10,바질 치아바타,0,0,0,0.5,0,Sat,박무,1.6,1.386482132,73.9,36.503105,16,1,126934.1674,27,,,,0,0,0,,,
02_10,소금빵,34,1,35,0.5,0,Sat,박무,1.6,1.386482132,73.9,36.503105,16,1,126934.1674,27,,,,1,35,0,,,
02_10,갈레트 부르통,1,0,1,0.5,0,Sat,박무,1.6,1.386482132,73.9,36.503105,16,1,126934.1674,27,,,,1,2,1,,,
02_10,통밀 비스코티,5,0,5,0.5,0,Sat,박무,1.6,1.386482132,73.9,36.503105,16,1,126934.1674,27,,,,1,6,1,,,
02_10,5종 스콘,16,2,18,0.5,0,Sat,박무,1.6,1.386482132,73.9,36.503105,16,1,126934.1674,27,,,,2,18,0,,,
02_10,레몬 마들렌,3,0,3,0.5,0,Sat,박무,1.6,1.386482132,73.9,36.503105,16,1,126934.1674,27,,,,1,4,1,,,
02_10,르뱅 3종,3,0,3,0.5,0,Sat,박무,1.6,1.386482132,73.9,36.503105,16,1,126934.1674,27,,,,1,4,1,,,
02_10,무화과 쿠키,2,0,2,0.5,0,Sat,박무,1.6,1.386482132,73.9,36.503105,16,1,126934.1674,27,,,,2,4,2,,,
02_11,올리브 치아바타,0,0,0,0.3,0,Sun,박무,1.6,1.176688772,77.3,35.718681,41,1,119611.0423,38,,,,0,0,0,,,
02_11,바질 치아바타,0,0,0,0.3,0,Sun,박무,1.6,1.176688772,77.3,35.718681,41,1,119611.0423,38,,,,1,1,1,,,
02_11,소금빵,36,2,38,0.3,0,Sun,박무,1.6,1.176688772,77.3,35.718681,41,1,119611.0423,38,,,,4,40,2,,,
02_11,갈레트 부르통,1,0,1,0.3,0,Sun,박무,1.6,1.176688772,77.3,35.718681,41,1,119611.0423,38,,,,1,2,1,,,
02_11,통밀 비스코티,3,0,3,0.3,0,Sun,박무,1.6,1.176688772,77.3,35.718681,41,1,119611.0423,38,,,,1,4,1,,,
02_11,5종 스콘,16,1,17,0.3,0,Sun,박무,1.6,1.176688772,77.3,35.718681,41,1,119611.0423,38,,,,1,17,0,,,
02_11,레몬 마들렌,1,0,1,0.3,0,Sun,박무,1.6,1.176688772,77.3,35.718681,41,1,119611.0423,38,,,,0,1,0,,,
02_11,르뱅 3종,2,0,2,0.3,0,Sun,박무,1.6,1.176688772,77.3,35.718681,41,1,119611.0423,38,,,,2,4,2,,,
02_11,무화과 쿠키,1,0,1,0.3,0,Sun,박무,1.6,1.176688772,77.3,35.718681,41,1,119611.0423,38,,,,0,1,0,,,
02_12,올리브 치아바타,10,0,10,2.8,0,Mon,박무,1.4,4.032919686,67.6,40.775072,60,1,198944.8969,27,,,,2,12,2,,,
02_12,감자 치아바타,9,1,10,2.8,0,Mon,박무,1.4,4.032919686,67.6,40.775072,60,1,198944.8969,27,,,,1,10,0,,,
02_12,소금빵,32,3,35,2.8,0,Mon,박무,1.4,4.032919686,67.6,40.775072,60,1,198944.8969,27,,,,3,35,0,,,
02_12,갈레트 부르통,2,0,2,2.8,0,Mon,박무,1.4,4.032919686,67.6,40.775072,60,1,198944.8969,27,,,,0,2,0,,,
02_12,통밀 비스코티,2,0,2,2.8,0,Mon,박무,1.4,4.032919686,67.6,40.775072,60,1,198944.8969,27,,,,0,2,0,,,
02_12,5종 스콘,18,0,18,2.8,0,Mon,박무,1.4,4.032919686,67.6,40.775072,60,1,198944.8969,27,,,,2,20,2,,,
02_12,레몬 마들렌,1,0,1,2.8,0,Mon,박무,1.4,4.032919686,67.6,40.775072,60,1,198944.8969,27,,,,2,3,2,,,
02_12,르뱅 3종,1,0,1,2.8,0,Mon,박무,1.4,4.032919686,67.6,40.775072,60,1,198944.8969,27,,,,1,2,1,,,
02_12,무화과 쿠키,3,0,3,2.8,0,Mon,박무,1.4,4.032919686,67.6,40.775072,60,1,198944.8969,27,,,,2,5,2,,,
02_13,올리브 치아바타,8,2,10,7.6,0,Tue,박무,1.9,8.582990524,69.5,47.74668,20,0,197724.3761,31,,,,3,11,1,,,
02_13,감자 치아바타,8,2,10,7.6,0,Tue,박무,1.9,8.582990524,69.5,47.74668,20,0,197724.3761,31,,,,4,12,2,,,
02_13,소금빵,25,1,26,7.6,0,Tue,박무,1.9,8.582990524,69.5,47.74668,20,0,197724.3761,31,,,,3,28,2,,,
02_13,갈레트 부르통,0,0,0,7.6,0,Tue,박무,1.9,8.582990524,69.5,47.74668,20,0,197724.3761,31,,,,0,0,0,,,
02_13,통밀 비스코티,4,0,4,7.6,0,Tue,박무,1.9,8.582990524,69.5,47.74668,20,0,197724.3761,31,,,,2,6,2,,,
02_13,5종 스콘,18,3,21,7.6,0,Tue,박무,1.9,8.582990524,69.5,47.74668,20,0,197724.3761,31,,,,3,21,0,,,
02_13,레몬 마들렌,3,0,3,7.6,0,Tue,박무,1.9,8.582990524,69.5,47.74668,20,0,197724.3761,31,,,,0,3,0,,,
02_13,르뱅 3종,4,0,4,7.6,0,Tue,박무,1.9,8.582990524,69.5,47.74668,20,0,197724.3761,31,,,,0,4,0,,,
02_13,무화과 쿠키,2,0,2,7.6,0,Tue,박무,1.9,8.582990524,69.5,47.74668,20,0,197724.3761,31,,,,2,4,2,,,
02_14,올리브 치아바타,6,0,6,11.6,0,Wed,박무,1.4,13.184311,78.9,53.474176,23,0,198944.8969,26,,,,1,7,1,,,
02_14,바질 치아바타,6,0,6,11.6,0,Wed,박무,1.4,13.184311,78.9,53.474176,23,0,198944.8969,26,,,,0,6,0,,,
02_14,소금빵,22,0,22,11.6,0,Wed,박무,1.4,13.184311,78.9,53.474176,23,0,198944.8969,26,,,,2,24,2,,,
02_14,갈레트 부르통,2,0,2,11.6,0,Wed,박무,1.4,13.184311,78.9,53.474176,23,0,198944.8969,26,,,,1,3,1,,,
02_14,통밀 비스코티,2,0,2,11.6,0,Wed,박무,1.4,13.184311,78.9,53.474176,23,0,198944.8969,26,,,,2,4,2,,,
02_14,5종 스콘,18,1,19,11.6,0,Wed,박무,1.4,13.184311,78.9,53.474176,23,0,198944.8969,26,,,,3,21,2,,,
02_14,레몬 마들렌,2,0,2,11.6,0,Wed,박무,1.4,13.184311,78.9,53.474176,23,0,198944.8969,26,,,,0,2,0,,,
02_14,르뱅 3종,4,0,4,11.6,0,Wed,박무,1.4,13.184311,78.9,53.474176,23,0,198944.8969,26,,,,0,4,0,,,
02_14,무화과 쿠키,1,0,1,11.6,0,Wed,박무,1.4,13.184311,78.9,53.474176,23,0,198944.8969,26,,,,2,3,2,,,
02_15,올리브 치아바타,16,0,16,4.1,6.4,Thu,비,2.5,4.385184088,85.6,40.854704,9,0,171998.9465,21,,,,5,21,5,,,
02_15,감자 치아바타,0,0,0,4.1,6.4,Thu,비,2.5,4.385184088,85.6,40.854704,9,0,171998.9465,21,,,,5,5,5,,,
02_15,소금빵,23,1,24,4.1,6.4,Thu,비,2.5,4.385184088,85.6,40.854704,9,0,171998.9465,21,,,,6,29,5,,,
02_15,갈레트 부르통,1,0,1,4.1,6.4,Thu,비,2.5,4.385184088,85.6,40.854704,9,0,171998.9465,21,,,,4,5,4,,,
02_15,통밀 비스코티,1,0,1,4.1,6.4,Thu,비,2.5,4.385184088,85.6,40.854704,9,0,171998.9465,21,,,,4,5,4,,,
02_15,5종 스콘,16,0,16,4.1,6.4,Thu,비,2.5,4.385184088,85.6,40.854704,9,0,171998.9465,21,,,,6,22,6,,,
02_15,레몬 마들렌,1,0,1,4.1,6.4,Thu,비,2.5,4.385184088,85.6,40.854704,9,0,171998.9465,21,,,,4,5,4,,,
02_15,르뱅 3종,5,0,5,4.1,6.4,Thu,비,2.5,4.385184088,85.6,40.854704,9,0,171998.9465,21,,,,4,9,4,,,
02_15,무화과 쿠키,1,0,1,4.1,6.4,Thu,비,2.5,4.385184088,85.6,40.854704,9,0,171998.9465,21,,,,5,6,5,,,
02_16,올리브 치아바타,8,0,8,1.3,0,Fri,맑음,1.3,2.60804558,72.6,37.905562,18,0,194233.424,33,,,,0,8,0,,,
02_16,바질 치아바타,6,2,8,1.3,0,Fri,맑음,1.3,2.60804558,72.6,37.905562,18,0,194233.424,33,,,,4,10,2,,,
02_16,소금빵,24,0,24,1.3,0,Fri,맑음,1.3,2.60804558,72.6,37.905562,18,0,194233.424,33,,,,1,25,1,,,
02_16,갈레트 부르통,1,0,1,1.3,0,Fri,맑음,1.3,2.60804558,72.6,37.905562,18,0,194233.424,33,,,,2,3,2,,,
02_16,통밀 비스코티,3,0,3,1.3,0,Fri,맑음,1.3,2.60804558,72.6,37.905562,18,0,194233.424,33,,,,0,3,0,,,
02_16,5종 스콘,18,2,20,1.3,0,Fri,맑음,1.3,2.60804558,72.6,37.905562,18,0,194233.424,33,,,,2,20,0,,,
02_16,레몬 마들렌,1,0,1,1.3,0,Fri,맑음,1.3,2.60804558,72.6,37.905562,18,0,194233.424,33,,,,0,1,0,,,
02_16,르뱅 3종,2,0,2,1.3,0,Fri,맑음,1.3,2.60804558,72.6,37.905562,18,0,194233.424,33,,,,0,2,0,,,
02_16,무화과 쿠키,1,0,1,1.3,0,Fri,맑음,1.3,2.60804558,72.6,37.905562,18,0,194233.424,33,,,,0,1,0,,,
02_17,올리브 치아바타,0,0,0,3.2,0,Sat,박무,1,5.0076,79.5,40.04206,30,1,126934.1674,30,,,,2,2,2,,,
02_17,바질 치아바타,0,0,0,3.2,0,Sat,박무,1,5.0076,79.5,40.04206,30,1,126934.1674,30,,,,1,1,1,,,
02_17,소금빵,32,2,34,3.2,0,Sat,박무,1,5.0076,79.5,40.04206,30,1,126934.1674,30,,,,2,34,0,,,
02_17,갈레트 부르통,1,0,1,3.2,0,Sat,박무,1,5.0076,79.5,40.04206,30,1,126934.1674,30,,,,1,2,1,,,
02_17,통밀 비스코티,1,0,1,3.2,0,Sat,박무,1,5.0076,79.5,40.04206,30,1,126934.1674,30,,,,1,2,1,,,
02_17,5종 스콘,16,1,17,3.2,0,Sat,박무,1,5.0076,79.5,40.04206,30,1,126934.1674,30,,,,3,19,2,,,
02_17,레몬 마들렌,2,0,2,3.2,0,Sat,박무,1,5.0076,79.5,40.04206,30,1,126934.1674,30,,,,0,2,0,,,
02_17,르뱅 3종,1,0,1,3.2,0,Sat,박무,1,5.0076,79.5,40.04206,30,1,126934.1674,30,,,,1,2,1,,,
02_17,무화과 쿠키,2,0,2,3.2,0,Sat,박무,1,5.0076,79.5,40.04206,30,1,126934.1674,30,,,,2,4,2,,,
02_18,올리브 치아바타,0,0,0,5.9,17.8,Sun,비,2,6.697020907,82.9,44.066489,58,1,104048.7454,25,,,,5,5,5,,,
02_18,감자 치아바타,0,0,0,5.9,17.8,Sun,비,2,6.697020907,82.9,44.066489,58,1,104048.7454,25,,,,5,5,5,,,
02_18,소금빵,32,4,36,5.9,17.8,Sun,비,2,6.697020907,82.9,44.066489,58,1,104048.7454,25,,,,9,41,5,,,
02_18,갈레트 부르통,0,0,0,5.9,17.8,Sun,비,2,6.697020907,82.9,44.066489,58,1,104048.7454,25,,,,5,5,5,,,
02_18,통밀 비스코티,1,0,1,5.9,17.8,Sun,비,2,6.697020907,82.9,44.066489,58,1,104048.7454,25,,,,6,7,6,,,
02_18,5종 스콘,18,0,18,5.9,17.8,Sun,비,2,6.697020907,82.9,44.066489,58,1,104048.7454,25,,,,7,25,7,,,
02_18,레몬 마들렌,1,0,1,5.9,17.8,Sun,비,2,6.697020907,82.9,44.066489,58,1,104048.7454,25,,,,5,6,5,,,
02_18,르뱅 3종,4,0,4,5.9,17.8,Sun,비,2,6.697020907,82.9,44.066489,58,1,104048.7454,25,,,,7,11,7,,,
02_18,무화과 쿠키,1,0,1,5.9,17.8,Sun,비,2,6.697020907,82.9,44.066489,58,1,104048.7454,25,,,,7,8,7,,,
02_19,올리브 치아바타,8,0,8,8.3,10.9,Mon,비,1.8,9.402723797,96.3,47.165071,32,0,173060.6684,21,,,,6,14,6,,,
02_19,바질 치아바타,8,0,8,8.3,10.9,Mon,비,1.8,9.402723797,96.3,47.165071,32,0,173060.6684,21,,,,6,14,6,,,
02_19,소금빵,24,0,24,8.3,10.9,Mon,비,1.8,9.402723797,96.3,47.165071,32,0,173060.6684,21,,,,7,31,7,,,
02_19,갈레트 부르통,1,0,1,8.3,10.9,Mon,비,1.8,9.402723797,96.3,47.165071,32,0,173060.6684,21,,,,5,6,5,,,
02_19,통밀 비스코티,2,0,2,8.3,10.9,Mon,비,1.8,9.402723797,96.3,47.165071,32,0,173060.6684,21,,,,5,7,5,,,
02_19,5종 스콘,16,4,20,8.3,10.9,Mon,비,1.8,9.402723797,96.3,47.165071,32,0,173060.6684,21,,,,8,24,4,,,
02_19,레몬 마들렌,1,0,1,8.3,10.9,Mon,비,1.8,9.402723797,96.3,47.165071,32,0,173060.6684,21,,,,6,7,6,,,
02_19,르뱅 3종,2,0,2,8.3,10.9,Mon,비,1.8,9.402723797,96.3,47.165071,32,0,173060.6684,21,,,,7,9,7,,,
02_19,무화과 쿠키,2,0,2,8.3,10.9,Mon,비,1.8,9.402723797,96.3,47.165071,32,0,173060.6684,21,,,,7,9,7,,,
02_20,올리브 치아바타,0,0,0,5,2.2,Tue,비,2.2,5.577794973,86.4,42.2716,6,0,171998.9465,25,,,,0,0,0,,,
02_20,감자 치아바타,18,2,20,5,2.2,Tue,비,2.2,5.577794973,86.4,42.2716,6,0,171998.9465,25,,,,2,20,0,,,
02_20,소금빵,23,1,24,5,2.2,Tue,비,2.2,5.577794973,86.4,42.2716,6,0,171998.9465,25,,,,3,26,2,,,
02_20,갈레트 부르통,1,0,1,5,2.2,Tue,비,2.2,5.577794973,86.4,42.2716,6,0,171998.9465,25,,,,1,2,1,,,
02_20,통밀 비스코티,3,0,3,5,2.2,Tue,비,2.2,5.577794973,86.4,42.2716,6,0,171998.9465,25,,,,1,4,1,,,
02_20,5종 스콘,18,2,20,5,2.2,Tue,비,2.2,5.577794973,86.4,42.2716,6,0,171998.9465,25,,,,4,22,2,,,
02_20,레몬 마들렌,2,0,2,5,2.2,Tue,비,2.2,5.577794973,86.4,42.2716,6,0,171998.9465,25,,,,0,2,0,,,
02_20,르뱅 3종,3,0,3,5,2.2,Tue,비,2.2,5.577794973,86.4,42.2716,6,0,171998.9465,25,,,,0,3,0,,,
02_20,무화과 쿠키,2,0,2,5,2.2,Tue,비,2.2,5.577794973,86.4,42.2716,6,0,171998.9465,25,,,,0,2,0,,,
02_21,올리브 치아바타,6,0,6,2.9,21.5,Wed,비,2.9,2.804070929,90.9,38.260039,12,0,173060.6684,22,,,,6,12,6,,,
02_21,감자 치아바타,6,0,6,2.9,21.5,Wed,비,2.9,2.804070929,90.9,38.260039,12,0,173060.6684,22,,,,5,11,5,,,
02_21,소금빵,24,2,26,2.9,21.5,Wed,비,2.9,2.804070929,90.9,38.260039,12,0,173060.6684,22,,,,7,31,5,,,
02_21,갈레트 부르통,1,0,1,2.9,21.5,Wed,비,2.9,2.804070929,90.9,38.260039,12,0,173060.6684,22,,,,7,8,7,,,
02_21,통밀 비스코티,1,0,1,2.9,21.5,Wed,비,2.9,2.804070929,90.9,38.260039,12,0,173060.6684,22,,,,7,8,7,,,
02_21,5종 스콘,15,0,15,2.9,21.5,Wed,비,2.9,2.804070929,90.9,38.260039,12,0,173060.6684,22,,,,6,21,6,,,
02_21,레몬 마들렌,1,0,1,2.9,21.5,Wed,비,2.9,2.804070929,90.9,38.260039,12,0,173060.6684,22,,,,5,6,5,,,
02_21,르뱅 3종,2,0,2,2.9,21.5,Wed,비,2.9,2.804070929,90.9,38.260039,12,0,173060.6684,22,,,,6,8,6,,,
02_21,무화과 쿠키,1,0,1,2.9,21.5,Wed,비,2.9,2.804070929,90.9,38.260039,12,0,173060.6684,22,,,,7,8,7,,,
02_22,올리브 치아바타,8,0,8,0.8,7.9,Thu,비,2.4,0.902500215,84,35.60128,25,0,171998.9465,15,,,,5,13,5,,,
02_22,바질 치아바타,8,0,8,0.8,7.9,Thu,비,2.4,0.902500215,84,35.60128,25,0,171998.9465,15,,,,4,12,4,,,
02_22,소금빵,28,2,30,0.8,7.9,Thu,비,2.4,0.902500215,84,35.60128,25,0,171998.9465,15,,,,5,33,3,,,
02_22,갈레트 부르통,1,0,1,0.8,7.9,Thu,비,2.4,0.902500215,84,35.60128,25,0,171998.9465,15,,,,4,5,4,,,
02_22,통밀 비스코티,1,0,1,0.8,7.9,Thu,비,2.4,0.902500215,84,35.60128,25,0,171998.9465,15,,,,4,5,4,,,
02_22,5종 스콘,16,1,17,0.8,7.9,Thu,비,2.4,0.902500215,84,35.60128,25,0,171998.9465,15,,,,7,23,6,,,
02_22,레몬 마들렌,1,0,1,0.8,7.9,Thu,비,2.4,0.902500215,84,35.60128,25,0,171998.9465,15,,,,5,6,5,,,
02_22,르뱅 3종,3,0,3,0.8,7.9,Thu,비,2.4,0.902500215,84,35.60128,25,0,171998.9465,15,,,,6,9,6,,,
02_22,무화과 쿠키,1,0,1,0.8,7.9,Thu,비,2.4,0.902500215,84,35.60128,25,0,171998.9465,15,,,,6,7,6,,,
02_23,올리브 치아바타,6,0,6,2.5,0,Fri,박무,2.9,2.367415073,65.4,40.59145,22,0,180637.0843,33,,,,2,8,2,,,
02_23,바질 치아바타,6,0,6,2.5,0,Fri,박무,2.9,2.367415073,65.4,40.59145,22,0,180637.0843,33,,,,2,8,2,,,
02_23,소금빵,24,1,25,2.5,0,Fri,박무,2.9,2.367415073,65.4,40.59145,22,0,180637.0843,33,,,,3,27,2,,,
02_23,갈레트 부르통,1,0,1,2.5,0,Fri,박무,2.9,2.367415073,65.4,40.59145,22,0,180637.0843,33,,,,2,3,2,,,
02_23,통밀 비스코티,2,0,2,2.5,0,Fri,박무,2.9,2.367415073,65.4,40.59145,22,0,180637.0843,33,,,,2,4,2,,,
02_23,5종 스콘,17,1,18,2.5,0,Fri,박무,2.9,2.367415073,65.4,40.59145,22,0,180637.0843,33,,,,2,19,1,,,
02_23,레몬 마들렌,1,0,1,2.5,0,Fri,박무,2.9,2.367415073,65.4,40.59145,22,0,180637.0843,33,,,,2,3,2,,,
02_23,르뱅 3종,4,0,4,2.5,0,Fri,박무,2.9,2.367415073,65.4,40.59145,22,0,180637.0843,33,,,,1,5,1,,,
02_23,무화과 쿠키,0,0,0,2.5,0,Fri,박무,2.9,2.367415073,65.4,40.59145,22,0,180637.0843,33,,,,1,1,1,,,
02_24,올리브 치아바타,0,0,0,2.2,1.3,Sat,비,3.9,1.43567778,67,39.96026,28,1,110419.0768,36,,,,2,2,2,,,
02_24,바질 치아바타,0,0,0,2.2,1.3,Sat,비,3.9,1.43567778,67,39.96026,28,1,110419.0768,36,,,,2,2,2,,,
02_24,소금빵,32,2,34,2.2,1.3,Sat,비,3.9,1.43567778,67,39.96026,28,1,110419.0768,36,,,,2,34,0,,,
02_24,갈레트 부르통,0,0,0,2.2,1.3,Sat,비,3.9,1.43567778,67,39.96026,28,1,110419.0768,36,,,,2,2,2,,,
02_24,통밀 비스코티,4,0,4,2.2,1.3,Sat,비,3.9,1.43567778,67,39.96026,28,1,110419.0768,36,,,,2,6,2,,,
02_24,5종 스콘,16,0,16,2.2,1.3,Sat,비,3.9,1.43567778,67,39.96026,28,1,110419.0768,36,,,,0,16,0,,,
02_24,레몬 마들렌,1,0,1,2.2,1.3,Sat,비,3.9,1.43567778,67,39.96026,28,1,110419.0768,36,,,,0,1,0,,,
02_24,르뱅 3종,2,0,2,2.2,1.3,Sat,비,3.9,1.43567778,67,39.96026,28,1,110419.0768,36,,,,2,4,2,,,
02_24,무화과 쿠키,1,0,1,2.2,1.3,Sat,비,3.9,1.43567778,67,39.96026,28,1,110419.0768,36,,,,2,3,2,,,
02_25,올리브 치아바타,0,0,0,2.6,1.5,Sun,비,1.5,3.703821656,83.1,38.661694,13,1,104048.7454,31,,,,1,1,1,,,
02_25,바질 치아바타,0,0,0,2.6,1.5,Sun,비,1.5,3.703821656,83.1,38.661694,13,1,104048.7454,31,,,,1,1,1,,,
02_25,소금빵,32,2,34,2.6,1.5,Sun,비,1.5,3.703821656,83.1,38.661694,13,1,104048.7454,31,,,,3,35,1,,,
02_25,갈레트 부르통,3,0,3,2.6,1.5,Sun,비,1.5,3.703821656,83.1,38.661694,13,1,104048.7454,31,,,,1,4,1,,,
02_25,통밀 비스코티,2,0,2,2.6,1.5,Sun,비,1.5,3.703821656,83.1,38.661694,13,1,104048.7454,31,,,,0,2,0,,,
02_25,5종 스콘,16,2,18,2.6,1.5,Sun,비,1.5,3.703821656,83.1,38.661694,13,1,104048.7454,31,,,,4,20,2,,,
02_25,레몬 마들렌,2,0,2,2.6,1.5,Sun,비,1.5,3.703821656,83.1,38.661694,13,1,104048.7454,31,,,,2,4,2,,,
02_25,르뱅 3종,4,0,4,2.6,1.5,Sun,비,1.5,3.703821656,83.1,38.661694,13,1,104048.7454,31,,,,0,4,0,,,
02_25,무화과 쿠키,1,0,1,2.6,1.5,Sun,비,1.5,3.703821656,83.1,38.661694,13,1,104048.7454,31,,,,2,3,2,,,
02_26,올리브 치아바타,8,1,9,3,0,Mon,박무,1.3,4.367543337,73.1,40.44777,18,0,198944.8969,24,,,,3,11,2,,,
02_26,바질 치아바타,8,1,9,3,0,Mon,박무,1.3,4.367543337,73.1,40.44777,18,0,198944.8969,24,,,,1,9,0,,,
02_26,소금빵,26,2,28,3,0,Mon,박무,1.3,4.367543337,73.1,40.44777,18,0,198944.8969,24,,,,3,29,1,,,
02_26,갈레트 부르통,1,0,1,3,0,Mon,박무,1.3,4.367543337,73.1,40.44777,18,0,198944.8969,24,,,,2,3,2,,,
02_26,통밀 비스코티,1,0,1,3,0,Mon,박무,1.3,4.367543337,73.1,40.44777,18,0,198944.8969,24,,,,1,2,1,,,
02_26,5종 스콘,18,1,19,3,0,Mon,박무,1.3,4.367543337,73.1,40.44777,18,0,198944.8969,24,,,,1,19,0,,,
02_26,레몬 마들렌,1,0,1,3,0,Mon,박무,1.3,4.367543337,73.1,40.44777,18,0,198944.8969,24,,,,2,3,2,,,
02_26,르뱅 3종,4,0,4,3,0,Mon,박무,1.3,4.367543337,73.1,40.44777,18,0,198944.8969,24,,,,2,6,2,,,
02_26,무화과 쿠키,0,0,0,3,0,Mon,박무,1.3,4.367543337,73.1,40.44777,18,0,198944.8969,24,,,,1,1,1,,,
02_27,올리브 치아바타,6,0,6,5.4,0,Tue,맑음,2.5,5.789972746,50.6,46.143276,29,0,212606.856,17,,,,2,8,2,,,
02_27,바질 치아바타,6,0,6,5.4,0,Tue,맑음,2.5,5.789972746,50.6,46.143276,29,0,212606.856,17,,,,1,7,1,,,
02_27,소금빵,28,2,30,5.4,0,Tue,맑음,2.5,5.789972746,50.6,46.143276,29,0,212606.856,17,,,,3,31,1,,,
02_27,갈레트 부르통,1,0,1,5.4,0,Tue,맑음,2.5,5.789972746,50.6,46.143276,29,0,212606.856,17,,,,0,1,0,,,
02_27,통밀 비스코티,1,0,1,5.4,0,Tue,맑음,2.5,5.789972746,50.6,46.143276,29,0,212606.856,17,,,,2,3,2,,,
02_27,5종 스콘,18,1,19,5.4,0,Tue,맑음,2.5,5.789972746,50.6,46.143276,29,0,212606.856,17,,,,2,20,1,,,
02_27,레몬 마들렌,1,0,1,5.4,0,Tue,맑음,2.5,5.789972746,50.6,46.143276,29,0,212606.856,17,,,,2,3,2,,,
02_27,르뱅 3종,6,0,6,5.4,0,Tue,맑음,2.5,5.789972746,50.6,46.143276,29,0,212606.856,17,,,,1,7,1,,,
02_27,무화과 쿠키,1,0,1,5.4,0,Tue,맑음,2.5,5.789972746,50.6,46.143276,29,0,212606.856,17,,,,1,2,1,,,
02_28,올리브 치아바타,6,2,8,5.9,0,Wed,맑음,1.6,7.050902846,61.5,45.876715,24,0,213919.244,27,,,,4,10,2,,,
02_28,바질 치아바타,8,0,8,5.9,0,Wed,맑음,1.6,7.050902846,61.5,45.876715,24,0,213919.244,27,,,,0,8,0,,,
02_28,소금빵,26,0,26,5.9,0,Wed,맑음,1.6,7.050902846,61.5,45.876715,24,0,213919.244,27,,,,1,27,1,,,
02_28,갈레트 부르통,0,0,0,5.9,0,Wed,맑음,1.6,7.050902846,61.5,45.876715,24,0,213919.244,27,,,,0,0,0,,,
02_28,통밀 비스코티,2,0,2,5.9,0,Wed,맑음,1.6,7.050902846,61.5,45.876715,24,0,213919.244,27,,,,0,2,0,,,
02_28,5종 스콘,16,0,16,5.9,0,Wed,맑음,1.6,7.050902846,61.5,45.876715,24,0,213919.244,27,,,,2,18,2,,,
02_28,레몬 마들렌,3,0,3,5.9,0,Wed,맑음,1.6,7.050902846,61.5,45.876715,24,0,213919.244,27,,,,1,4,1,,,
02_28,르뱅 3종,3,0,3,5.9,0,Wed,맑음,1.6,7.050902846,61.5,45.876715,24,0,213919.244,27,,,,1,4,1,,,
02_28,무화과 쿠키,1,0,1,5.9,0,Wed,맑음,1.6,7.050902846,61.5,45.876715,24,0,213919.244,27,,,,2,3,2,,,
02_29,올리브 치아바타,7,1,8,4.6,0,Thu,박무,1.8,5.491457799,65.8,43.613132,21,0,197724.3761,25,,,,3,10,2,,,
02_29,감자 치아바타,6,2,8,4.6,0,Thu,박무,1.8,5.491457799,65.8,43.613132,21,0,197724.3761,25,,,,2,8,0,,,
02_29,소금빵,24,1,25,4.6,0,Thu,박무,1.8,5.491457799,65.8,43.613132,21,0,197724.3761,25,,,,1,25,0,,,
02_29,갈레트 부르통,1,0,1,4.6,0,Thu,박무,1.8,5.491457799,65.8,43.613132,21,0,197724.3761,25,,,,0,1,0,,,
02_29,통밀 비스코티,1,0,1,4.6,0,Thu,박무,1.8,5.491457799,65.8,43.613132,21,0,197724.3761,25,,,,1,2,1,,,
02_29,5종 스콘,18,2,20,4.6,0,Thu,박무,1.8,5.491457799,65.8,43.613132,21,0,197724.3761,25,,,,3,21,1,,,
02_29,레몬 마들렌,2,0,2,4.6,0,Thu,박무,1.8,5.491457799,65.8,43.613132,21,0,197724.3761,25,,,,1,3,1,,,
02_29,르뱅 3종,2,0,2,4.6,0,Thu,박무,1.8,5.491457799,65.8,43.613132,21,0,197724.3761,25,,,,1,3,1,,,
02_29,무화과 쿠키,2,0,2,4.6,0,Thu,박무,1.8,5.491457799,65.8,43.613132,21,0,197724.3761,25,,,,1,3,1,,,
03_01,올리브 치아바타,6,0,6,-3.3,0,Fri,맑음,4.6,-5.115752916,37.6,37.021808,23,1,191847,26,,,,0,6,0,,,
03_01,감자 치아바타,6,0,6,-3.3,0,Fri,맑음,4.6,-5.115752916,37.6,37.021808,23,1,191847,26,,,,0,6,0,,,
03_01,소금빵,32,0,32,-3.3,0,Fri,맑음,4.6,-5.115752916,37.6,37.021808,23,1,191847,26,,,,2,34,2,,,
03_01,갈레트 브루통,5,0,5,-3.3,0,Fri,맑음,4.6,-5.115752916,37.6,37.021808,23,1,191847,26,,,,1,6,1,,,
03_01,통밀 비스코티,3,0,3,-3.3,0,Fri,맑음,4.6,-5.115752916,37.6,37.021808,23,1,191847,26,,,,1,4,1,,,
03_01,5종 스콘,18,0,18,-3.3,0,Fri,맑음,4.6,-5.115752916,37.6,37.021808,23,1,191847,26,,,,0,18,0,,,
03_01,레몬 마들렌,5,0,5,-3.3,0,Fri,맑음,4.6,-5.115752916,37.6,37.021808,23,1,191847,26,,,,1,6,1,,,
03_01,르뱅 3종,3,0,3,-3.3,0,Fri,맑음,4.6,-5.115752916,37.6,37.021808,23,1,191847,26,,,,1,4,1,,,
03_01,무화과 쿠키,2,0,2,-3.3,0,Fri,맑음,4.6,-5.115752916,37.6,37.021808,23,1,191847,26,,,,2,4,2,,,
03_02,올리브 치아바타,0,0,0,-0.7,0,Sat,맑음,2.9,-1.125831778,57,37.18699,18,1,186671,18,,,,1,1,1,,,
03_02,감자 치아바타,0,0,0,-0.7,0,Sat,맑음,2.9,-1.125831778,57,37.18699,18,1,186671,18,,,,2,2,2,,,
03_02,소금빵,24,0,24,-0.7,0,Sat,맑음,2.9,-1.125831778,57,37.18699,18,1,186671,18,,,,2,26,2,,,
03_02,갈레트 브루통,4,0,4,-0.7,0,Sat,맑음,2.9,-1.125831778,57,37.18699,18,1,186671,18,,,,1,5,1,,,
03_02,통밀 비스코티,4,0,4,-0.7,0,Sat,맑음,2.9,-1.125831778,57,37.18699,18,1,186671,18,,,,0,4,0,,,
03_02,5종 스콘,24,2,26,-0.7,0,Sat,맑음,2.9,-1.125831778,57,37.18699,18,1,186671,18,,,,3,27,1,,,
03_02,레몬 마들렌,3,0,3,-0.7,0,Sat,맑음,2.9,-1.125831778,57,37.18699,18,1,186671,18,,,,1,4,1,,,
03_02,르뱅 3종,2,0,2,-0.7,0,Sat,맑음,2.9,-1.125831778,57,37.18699,18,1,186671,18,,,,2,4,2,,,
03_02,무화과 쿠키,2,0,2,-0.7,0,Sat,맑음,2.9,-1.125831778,57,37.18699,18,1,186671,18,,,,1,3,1,,,
03_03,올리브 치아바타,0,0,0,3.9,0,Sun,박무,2,4.568012206,78.3,41.285263,73,1,160273.41,26,,,,1,1,1,,,
03_03,감자 치아바타,0,0,0,3.9,0,Sun,박무,2,4.568012206,78.3,41.285263,73,1,160273.41,26,,,,2,2,2,,,
03_03,소금빵,24,2,26,3.9,0,Sun,박무,2,4.568012206,78.3,41.285263,73,1,160273.41,26,,,,3,27,1,,,
03_03,갈레트 브루통,2,0,2,3.9,0,Sun,박무,2,4.568012206,78.3,41.285263,73,1,160273.41,26,,,,0,2,0,,,
03_03,통밀 비스코티,4,0,4,3.9,0,Sun,박무,2,4.568012206,78.3,41.285263,73,1,160273.41,26,,,,0,4,0,,,
03_03,5종 스콘,24,1,25,3.9,0,Sun,박무,2,4.568012206,78.3,41.285263,73,1,160273.41,26,,,,3,27,2,,,
03_03,레몬 마들렌,5,0,5,3.9,0,Sun,박무,2,4.568012206,78.3,41.285263,73,1,160273.41,26,,,,2,7,2,,,
03_03,르뱅 3종,4,0,4,3.9,0,Sun,박무,2,4.568012206,78.3,41.285263,73,1,160273.41,26,,,,2,6,2,,,
03_03,무화과 쿠키,3,0,3,3.9,0,Sun,박무,2,4.568012206,78.3,41.285263,73,1,160273.41,26,,,,1,4,1,,,
03_04,올리브 치아바타,8,0,8,5.1,0,Mon,박무,1.3,6.541040566,59.4,44.935906,67,0,172400.61,30,,,,2,10,2,,,
03_04,피자 치아바타,6,2,8,5.1,0,Mon,박무,1.3,6.541040566,59.4,44.935906,67,0,172400.61,30,,,,4,10,2,,,
03_04,소금빵,24,3,27,5.1,0,Mon,박무,1.3,6.541040566,59.4,44.935906,67,0,172400.61,30,,,,3,27,0,,,
03_04,갈레트 브루통,2,0,2,5.1,0,Mon,박무,1.3,6.541040566,59.4,44.935906,67,0,172400.61,30,,,,1,3,1,,,
03_04,통밀 비스코티,1,0,1,5.1,0,Mon,박무,1.3,6.541040566,59.4,44.935906,67,0,172400.61,30,,,,1,2,1,,,
03_04,5종 스콘,15,0,15,5.1,0,Mon,박무,1.3,6.541040566,59.4,44.935906,67,0,172400.61,30,,,,1,16,1,,,
03_04,레몬 마들렌,2,1,3,5.1,0,Mon,박무,1.3,6.541040566,59.4,44.935906,67,0,172400.61,30,,,,1,3,0,,,
03_04,르뱅 3종,0,0,0,5.1,0,Mon,박무,1.3,6.541040566,59.4,44.935906,67,0,172400.61,30,,,,0,0,0,,,
03_04,무화과 쿠키,0,0,0,5.1,0,Mon,박무,1.3,6.541040566,59.4,44.935906,67,0,172400.61,30,,,,1,1,1,,,
03_05,올리브 치아바타,7,1,8,8.3,0,Tue,맑음,2.2,9.113123833,48.6,50.066662,37,0,194476,33,,,,2,9,1,,,
03_05,감자 치아바타,6,2,8,8.3,0,Tue,맑음,2.2,9.113123833,48.6,50.066662,37,0,194476,33,,,,2,8,0,,,
03_05,소금빵,24,0,24,8.3,0,Tue,맑음,2.2,9.113123833,48.6,50.066662,37,0,194476,33,,,,1,25,1,,,
03_05,갈레트 브루통,2,0,2,8.3,0,Tue,맑음,2.2,9.113123833,48.6,50.066662,37,0,194476,33,,,,0,2,0,,,
03_05,통밀 비스코티,2,0,2,8.3,0,Tue,맑음,2.2,9.113123833,48.6,50.066662,37,0,194476,33,,,,0,2,0,,,
03_05,5종 스콘,12,2,14,8.3,0,Tue,맑음,2.2,9.113123833,48.6,50.066662,37,0,194476,33,,,,2,14,0,,,
03_05,레몬 마들렌,3,0,3,8.3,0,Tue,맑음,2.2,9.113123833,48.6,50.066662,37,0,194476,33,,,,2,5,2,,,
03_05,르뱅 3종,3,0,3,8.3,0,Tue,맑음,2.2,9.113123833,48.6,50.066662,37,0,194476,33,,,,2,5,2,,,
03_05,무화과 쿠키,1,0,1,8.3,0,Tue,맑음,2.2,9.113123833,48.6,50.066662,37,0,194476,33,,,,2,3,2,,,
03_06,올리브 치아바타,7,0,7,6.3,0,Wed,맑음,1.7,7.377258591,59.8,46.581326,11,0,194476,32,,,,1,8,1,,,
03_06,감자 치아바타,6,0,6,6.3,0,Wed,맑음,1.7,7.377258591,59.8,46.581326,11,0,194476,32,,,,1,7,1,,,
03_06,소금빵,24,1,25,6.3,0,Wed,맑음,1.7,7.377258591,59.8,46.581326,11,0,194476,32,,,,1,25,0,,,
03_06,갈레트 브루통,3,0,3,6.3,0,Wed,맑음,1.7,7.377258591,59.8,46.581326,11,0,194476,32,,,,0,3,0,,,
03_06,통밀 비스코티,2,0,2,6.3,0,Wed,맑음,1.7,7.377258591,59.8,46.581326,11,0,194476,32,,,,1,3,1,,,
03_06,5종 스콘,15,0,15,6.3,0,Wed,맑음,1.7,7.377258591,59.8,46.581326,11,0,194476,32,,,,2,17,2,,,
03_06,레몬 마들렌,1,1,2,6.3,0,Wed,맑음,1.7,7.377258591,59.8,46.581326,11,0,194476,32,,,,2,3,1,,,
03_06,르뱅 3종,2,0,2,6.3,0,Wed,맑음,1.7,7.377258591,59.8,46.581326,11,0,194476,32,,,,2,4,2,,,
03_06,무화과 쿠키,2,0,2,6.3,0,Wed,맑음,1.7,7.377258591,59.8,46.581326,11,0,194476,32,,,,2,4,2,,,
03_07,올리브 치아바타,10,1,11,4.3,0,Thu,맑음,3,4.270035191,58,43.95806,23,0,191847,19,,,,3,13,2,,,
03_07,감자 치아바타,8,0,8,4.3,0,Thu,맑음,3,4.270035191,58,43.95806,23,0,191847,19,,,,1,9,1,,,
03_07,소금빵,24,0,24,4.3,0,Thu,맑음,3,4.270035191,58,43.95806,23,0,191847,19,,,,1,25,1,,,
03_07,갈레트 브루통,0,0,0,4.3,0,Thu,맑음,3,4.270035191,58,43.95806,23,0,191847,19,,,,0,0,0,,,
03_07,통밀 비스코티,1,0,1,4.3,0,Thu,맑음,3,4.270035191,58,43.95806,23,0,191847,19,,,,0,1,0,,,
03_07,5종 스콘,15,1,16,4.3,0,Thu,맑음,3,4.270035191,58,43.95806,23,0,191847,19,,,,1,16,0,,,
03_07,레몬 마들렌,3,1,4,4.3,0,Thu,맑음,3,4.270035191,58,43.95806,23,0,191847,19,,,,3,6,2,,,
03_07,르뱅 3종,2,0,2,4.3,0,Thu,맑음,3,4.270035191,58,43.95806,23,0,191847,19,,,,0,2,0,,,
03_07,무화과 쿠키,1,0,1,4.3,0,Thu,맑음,3,4.270035191,58,43.95806,23,0,191847,19,,,,1,2,1,,,
03_08,올리브 치아바타,11,0,11,2.4,0,Fri,맑음,3.4,1.939819127,49.3,42.365468,35,0,191847,58,,,,0,11,0,,,
03_08,감자 치아바타,6,0,6,2.4,0,Fri,맑음,3.4,1.939819127,49.3,42.365468,35,0,191847,58,,,,2,8,2,,,
03_08,소금빵,24,0,24,2.4,0,Fri,맑음,3.4,1.939819127,49.3,42.365468,35,0,191847,58,,,,2,26,2,,,
03_08,갈레트 브루통,1,0,1,2.4,0,Fri,맑음,3.4,1.939819127,49.3,42.365468,35,0,191847,58,,,,2,3,2,,,
03_08,통밀 비스코티,2,0,2,2.4,0,Fri,맑음,3.4,1.939819127,49.3,42.365468,35,0,191847,58,,,,0,2,0,,,
03_08,5종 스콘,15,0,15,2.4,0,Fri,맑음,3.4,1.939819127,49.3,42.365468,35,0,191847,58,,,,2,17,2,,,
03_08,레몬 마들렌,0,0,0,2.4,0,Fri,맑음,3.4,1.939819127,49.3,42.365468,35,0,191847,58,,,,1,1,1,,,
03_08,르뱅 3종,1,0,1,2.4,0,Fri,맑음,3.4,1.939819127,49.3,42.365468,35,0,191847,58,,,,0,1,0,,,
03_08,무화과 쿠키,1,0,1,2.4,0,Fri,맑음,3.4,1.939819127,49.3,42.365468,35,0,191847,58,,,,2,3,2,,,
03_09,올리브 치아바타,0,0,0,1.3,0,Sat,맑음,2,1.800300895,50.9,40.729383,24,1,186671,100,,,,2,2,2,,,
03_09,바질 치아바타,0,0,0,1.3,0,Sat,맑음,2,1.800300895,50.9,40.729383,24,1,186671,100,,,,1,1,1,,,
03_09,소금빵,24,2,26,1.3,0,Sat,맑음,2,1.800300895,50.9,40.729383,24,1,186671,100,,,,4,28,2,,,
03_09,갈레트 브루통,2,0,2,1.3,0,Sat,맑음,2,1.800300895,50.9,40.729383,24,1,186671,100,,,,1,3,1,,,
03_09,통밀 비스코티,1,0,1,1.3,0,Sat,맑음,2,1.800300895,50.9,40.729383,24,1,186671,100,,,,0,1,0,,,
03_09,5종 스콘,15,1,16,1.3,0,Sat,맑음,2,1.800300895,50.9,40.729383,24,1,186671,100,,,,1,16,0,,,
03_09,레몬 마들렌,1,0,1,1.3,0,Sat,맑음,2,1.800300895,50.9,40.729383,24,1,186671,100,,,,2,3,2,,,
03_09,르뱅 3종,3,0,3,1.3,0,Sat,맑음,2,1.800300895,50.9,40.729383,24,1,186671,100,,,,0,3,0,,,
03_09,무화과 쿠키,3,0,3,1.3,0,Sat,맑음,2,1.800300895,50.9,40.729383,24,1,186671,100,,,,2,5,2,,,
03_10,올리브 치아바타,0,0,0,3.1,0,Sun,맑음,1.5,4.226109366,60.4,42.027476,25,1,172337,41,,,,0,0,0,,,
03_10,감자 치아바타,0,0,0,3.1,0,Sun,맑음,1.5,4.226109366,60.4,42.027476,25,1,172337,41,,,,0,0,0,,,
03_10,소금빵,32,0,32,3.1,0,Sun,맑음,1.5,4.226109366,60.4,42.027476,25,1,172337,41,,,,1,33,1,,,
03_10,갈레트 브루통,2,0,2,3.1,0,Sun,맑음,1.5,4.226109366,60.4,42.027476,25,1,172337,41,,,,2,4,2,,,
03_10,통밀 비스코티,2,0,2,3.1,0,Sun,맑음,1.5,4.226109366,60.4,42.027476,25,1,172337,41,,,,1,3,1,,,
03_10,5종 스콘,36,0,36,3.1,0,Sun,맑음,1.5,4.226109366,60.4,42.027476,25,1,172337,41,,,,2,38,2,,,
03_10,레몬 마들렌,3,0,3,3.1,0,Sun,맑음,1.5,4.226109366,60.4,42.027476,25,1,172337,41,,,,1,4,1,,,
03_10,르뱅 3종,2,0,2,3.1,0,Sun,맑음,1.5,4.226109366,60.4,42.027476,25,1,172337,41,,,,0,2,0,,,
03_10,무화과 쿠키,2,0,2,3.1,0,Sun,맑음,1.5,4.226109366,60.4,42.027476,25,1,172337,41,,,,1,3,1,,,
03_11,올리브 치아바타,12,0,12,5.9,0,Mon,맑음,1.3,7.369039511,63.6,45.699076,26,0,185377,38,,,,0,12,0,,,
03_11,감자 치아바타,12,0,12,5.9,0,Mon,맑음,1.3,7.369039511,63.6,45.699076,26,0,185377,38,,,,1,13,1,,,
03_11,소금빵,24,0,24,5.9,0,Mon,맑음,1.3,7.369039511,63.6,45.699076,26,0,185377,38,,,,0,24,0,,,
03_11,갈레트 브루통,1,0,1,5.9,0,Mon,맑음,1.3,7.369039511,63.6,45.699076,26,0,185377,38,,,,1,2,1,,,
03_11,통밀 비스코티,2,0,2,5.9,0,Mon,맑음,1.3,7.369039511,63.6,45.699076,26,0,185377,38,,,,0,2,0,,,
03_11,5종 스콘,30,3,33,5.9,0,Mon,맑음,1.3,7.369039511,63.6,45.699076,26,0,185377,38,,,,3,33,0,,,
03_11,레몬 마들렌,1,0,1,5.9,0,Mon,맑음,1.3,7.369039511,63.6,45.699076,26,0,185377,38,,,,0,1,0,,,
03_11,르뱅 3종,4,0,4,5.9,0,Mon,맑음,1.3,7.369039511,63.6,45.699076,26,0,185377,38,,,,0,4,0,,,
03_11,무화과 쿠키,1,0,1,5.9,0,Mon,맑음,1.3,7.369039511,63.6,45.699076,26,0,185377,38,,,,0,1,0,,,
03_12,올리브 치아바타,12,4,16,5.7,2.4,Tue,비,1.3,7.162039775,82.5,43.774975,31,0,157331.084,28,,,,6,18,2,,,
03_12,감자 치아바타,12,2,14,5.7,2.4,Tue,비,1.3,7.162039775,82.5,43.774975,31,0,157331.084,28,,,,4,16,2,,,
03_12,소금빵,24,0,24,5.7,2.4,Tue,비,1.3,7.162039775,82.5,43.774975,31,0,157331.084,28,,,,0,24,0,,,
03_12,갈레트 브루통,1,0,1,5.7,2.4,Tue,비,1.3,7.162039775,82.5,43.774975,31,0,157331.084,28,,,,1,2,1,,,
03_12,통밀 비스코티,2,0,2,5.7,2.4,Tue,비,1.3,7.162039775,82.5,43.774975,31,0,157331.084,28,,,,2,4,2,,,
03_12,5종 스콘,15,1,16,5.7,2.4,Tue,비,1.3,7.162039775,82.5,43.774975,31,0,157331.084,28,,,,3,18,2,,,
03_12,레몬 마들렌,1,0,1,5.7,2.4,Tue,비,1.3,7.162039775,82.5,43.774975,31,0,157331.084,28,,,,0,1,0,,,
03_12,르뱅 3종,2,0,2,5.7,2.4,Tue,비,1.3,7.162039775,82.5,43.774975,31,0,157331.084,28,,,,1,3,1,,,
03_12,무화과 쿠키,2,0,2,5.7,2.4,Tue,비,1.3,7.162039775,82.5,43.774975,31,0,157331.084,28,,,,1,3,1,,,
03_13,올리브 치아바타,12,0,12,5.2,0,Wed,박무,2,5.951867861,65.9,44.480832,34,0,180862.68,29,,,,2,14,2,,,
03_13,바질 치아바타,8,3,11,5.2,0,Wed,박무,2,5.951867861,65.9,44.480832,34,0,180862.68,29,,,,5,13,2,,,
03_13,소금빵,24,3,27,5.2,0,Wed,박무,2,5.951867861,65.9,44.480832,34,0,180862.68,29,,,,3,27,0,,,
03_13,갈레트 브루통,0,0,0,5.2,0,Wed,박무,2,5.951867861,65.9,44.480832,34,0,180862.68,29,,,,1,1,1,,,
03_13,통밀 비스코티,1,0,1,5.2,0,Wed,박무,2,5.951867861,65.9,44.480832,34,0,180862.68,29,,,,2,3,2,,,
03_13,5종 스콘,12,0,12,5.2,0,Wed,박무,2,5.951867861,65.9,44.480832,34,0,180862.68,29,,,,1,13,1,,,
03_13,레몬 마들렌,4,0,4,5.2,0,Wed,박무,2,5.951867861,65.9,44.480832,34,0,180862.68,29,,,,0,4,0,,,
03_13,르뱅 3종,3,0,3,5.2,0,Wed,박무,2,5.951867861,65.9,44.480832,34,0,180862.68,29,,,,2,5,2,,,
03_13,무화과 쿠키,1,0,1,5.2,0,Wed,박무,2,5.951867861,65.9,44.480832,34,0,180862.68,29,,,,0,1,0,,,
03_14,올리브 치아바타,14,0,14,7.1,0,Thu,박무,1.9,8.052548762,65,47.32485,43,0,178417.71,28,,,,1,15,1,,,
03_14,감자 치아바타,12,0,12,7.1,0,Thu,박무,1.9,8.052548762,65,47.32485,43,0,178417.71,28,,,,2,14,2,,,
03_14,소금빵,24,2,26,7.1,0,Thu,박무,1.9,8.052548762,65,47.32485,43,0,178417.71,28,,,,4,28,2,,,
03_14,갈레트 브루통,2,0,2,7.1,0,Thu,박무,1.9,8.052548762,65,47.32485,43,0,178417.71,28,,,,2,4,2,,,
03_14,통밀 비스코티,1,0,1,7.1,0,Thu,박무,1.9,8.052548762,65,47.32485,43,0,178417.71,28,,,,1,2,1,,,
03_14,5종 스콘,18,2,20,7.1,0,Thu,박무,1.9,8.052548762,65,47.32485,43,0,178417.71,28,,,,2,20,0,,,
03_14,레몬 마들렌,1,0,1,7.1,0,Thu,박무,1.9,8.052548762,65,47.32485,43,0,178417.71,28,,,,1,2,1,,,
03_14,르뱅 3종,1,0,1,7.1,0,Thu,박무,1.9,8.052548762,65,47.32485,43,0,178417.71,28,,,,1,2,1,,,
03_14,무화과 쿠키,1,0,1,7.1,0,Thu,박무,1.9,8.052548762,65,47.32485,43,0,178417.71,28,,,,0,1,0,,,
03_15,올리브 치아바타,10,0,10,7.6,0,Fri,박무,1.9,8.582990524,69.1,47.773784,37,0,178417.71,36,,,,2,12,2,,,
03_15,감자 치아바타,10,0,10,7.6,0,Fri,박무,1.9,8.582990524,69.1,47.773784,37,0,178417.71,36,,,,2,12,2,,,
03_15,소금빵,26,1,27,7.6,0,Fri,박무,1.9,8.582990524,69.1,47.773784,37,0,178417.71,36,,,,1,27,0,,,
03_15,갈레트 브루통,1,0,1,7.6,0,Fri,박무,1.9,8.582990524,69.1,47.773784,37,0,178417.71,36,,,,1,2,1,,,
03_15,통밀 비스코티,0,0,0,7.6,0,Fri,박무,1.9,8.582990524,69.1,47.773784,37,0,178417.71,36,,,,0,0,0,,,
03_15,5종 스콘,16,1,17,7.6,0,Fri,박무,1.9,8.582990524,69.1,47.773784,37,0,178417.71,36,,,,2,18,1,,,
03_15,레몬 마들렌,2,0,2,7.6,0,Fri,박무,1.9,8.582990524,69.1,47.773784,37,0,178417.71,36,,,,0,2,0,,,
03_15,르뱅 3종,2,0,2,7.6,0,Fri,박무,1.9,8.582990524,69.1,47.773784,37,0,178417.71,36,,,,2,4,2,,,
03_15,무화과 쿠키,2,0,2,7.6,0,Fri,박무,1.9,8.582990524,69.1,47.773784,37,0,178417.71,36,,,,0,2,0,,,
03_16,올리브 치아바타,0,0,0,9.5,0,Sat,박무,1.5,10.91139205,62.8,50.92094,40,1,173604.03,30,,,,1,1,1,,,
03_16,바질 치아바타,0,0,0,9.5,0,Sat,박무,1.5,10.91139205,62.8,50.92094,40,1,173604.03,30,,,,2,2,2,,,
03_16,소금빵,34,0,34,9.5,0,Sat,박무,1.5,10.91139205,62.8,50.92094,40,1,173604.03,30,,,,0,34,0,,,
03_16,갈레트 브루통,0,0,0,9.5,0,Sat,박무,1.5,10.91139205,62.8,50.92094,40,1,173604.03,30,,,,0,0,0,,,
03_16,통밀 비스코티,2,0,2,9.5,0,Sat,박무,1.5,10.91139205,62.8,50.92094,40,1,173604.03,30,,,,0,2,0,,,
03_16,5종 스콘,24,0,24,9.5,0,Sat,박무,1.5,10.91139205,62.8,50.92094,40,1,173604.03,30,,,,0,24,0,,,
03_16,레몬 마들렌,2,0,2,9.5,0,Sat,박무,1.5,10.91139205,62.8,50.92094,40,1,173604.03,30,,,,1,3,1,,,
03_16,르뱅 3종,5,0,5,9.5,0,Sat,박무,1.5,10.91139205,62.8,50.92094,40,1,173604.03,30,,,,1,6,1,,,
03_16,무화과 쿠키,1,0,1,9.5,0,Sat,박무,1.5,10.91139205,62.8,50.92094,40,1,173604.03,30,,,,2,3,2,,,
03_17,올리브 치아바타,0,0,0,8.5,0.5,Sun,비,3,8.865661432,60.8,49.60692,45,1,139420.633,41,,,,0,0,0,,,
03_17,감자 치아바타,0,0,0,8.5,0.5,Sun,비,3,8.865661432,60.8,49.60692,45,1,139420.633,41,,,,2,2,2,,,
03_17,소금빵,34,0,34,8.5,0.5,Sun,비,3,8.865661432,60.8,49.60692,45,1,139420.633,41,,,,2,36,2,,,
03_17,갈레트 브루통,2,0,2,8.5,0.5,Sun,비,3,8.865661432,60.8,49.60692,45,1,139420.633,41,,,,0,2,0,,,
03_17,통밀 비스코티,5,0,5,8.5,0.5,Sun,비,3,8.865661432,60.8,49.60692,45,1,139420.633,41,,,,2,7,2,,,
03_17,5종 스콘,20,2,22,8.5,0.5,Sun,비,3,8.865661432,60.8,49.60692,45,1,139420.633,41,,,,4,24,2,,,
03_17,레몬 마들렌,3,0,3,8.5,0.5,Sun,비,3,8.865661432,60.8,49.60692,45,1,139420.633,41,,,,2,5,2,,,
03_17,르뱅 3종,5,0,5,8.5,0.5,Sun,비,3,8.865661432,60.8,49.60692,45,1,139420.633,41,,,,1,6,1,,,
03_17,무화과 쿠키,2,0,2,8.5,0.5,Sun,비,3,8.865661432,60.8,49.60692,45,1,139420.633,41,,,,2,4,2,,,
03_18,올리브 치아바타,12,0,12,6.3,0,Mon,맑음,1.9,7.203841942,45,47.77465,14,0,185377,38,,,,1,13,1,,,
03_18,감자 치아바타,12,0,12,6.3,0,Mon,맑음,1.9,7.203841942,45,47.77465,14,0,185377,38,,,,0,12,0,,,
03_18,소금빵,24,0,24,6.3,0,Mon,맑음,1.9,7.203841942,45,47.77465,14,0,185377,38,,,,2,26,2,,,
03_18,갈레트 브루통,1,0,1,6.3,0,Mon,맑음,1.9,7.203841942,45,47.77465,14,0,185377,38,,,,1,2,1,,,
03_18,통밀 비스코티,2,0,2,6.3,0,Mon,맑음,1.9,7.203841942,45,47.77465,14,0,185377,38,,,,2,4,2,,,
03_18,5종 스콘,15,0,15,6.3,0,Mon,맑음,1.9,7.203841942,45,47.77465,14,0,185377,38,,,,1,16,1,,,
03_18,레몬 마들렌,1,0,1,6.3,0,Mon,맑음,1.9,7.203841942,45,47.77465,14,0,185377,38,,,,1,2,1,,,
03_18,르뱅 3종,3,0,3,6.3,0,Mon,맑음,1.9,7.203841942,45,47.77465,14,0,185377,38,,,,1,4,1,,,
03_18,무화과 쿠키,1,0,1,6.3,0,Mon,맑음,1.9,7.203841942,45,47.77465,14,0,185377,38,,,,0,1,0,,,
03_19,올리브 치아바타,10,0,10,5.8,1.9,Tue,비,3.7,5.542328213,73.5,44.70787,33,0,157331.084,30,,,,0,10,0,,,
03_19,감자 치아바타,6,0,6,5.8,1.9,Tue,비,3.7,5.542328213,73.5,44.70787,33,0,157331.084,30,,,,0,6,0,,,
03_19,소금빵,24,2,26,5.8,1.9,Tue,비,3.7,5.542328213,73.5,44.70787,33,0,157331.084,30,,,,4,28,2,,,
03_19,갈레트 브루통,1,0,1,5.8,1.9,Tue,비,3.7,5.542328213,73.5,44.70787,33,0,157331.084,30,,,,1,2,1,,,
03_19,통밀 비스코티,2,0,2,5.8,1.9,Tue,비,3.7,5.542328213,73.5,44.70787,33,0,157331.084,30,,,,1,3,1,,,
03_19,5종 스콘,13,1,14,5.8,1.9,Tue,비,3.7,5.542328213,73.5,44.70787,33,0,157331.084,30,,,,3,16,2,,,
03_19,레몬 마들렌,2,0,2,5.8,1.9,Tue,비,3.7,5.542328213,73.5,44.70787,33,0,157331.084,30,,,,1,3,1,,,
03_19,르뱅 3종,3,0,3,5.8,1.9,Tue,비,3.7,5.542328213,73.5,44.70787,33,0,157331.084,30,,,,1,4,1,,,
03_19,무화과 쿠키,0,0,0,5.8,1.9,Tue,비,3.7,5.542328213,73.5,44.70787,33,0,157331.084,30,,,,1,1,1,,,
03_20,올리브 치아바타,12,0,12,4.1,0,Wed,맑음,3.7,3.654771774,50,44.5005,27,0,194476,40,,,,1,13,1,,,
03_20,피자 치아바타,5,3,8,4.1,0,Wed,맑음,3.7,3.654771774,50,44.5005,27,0,194476,40,,,,3,8,0,,,
03_20,소금빵,24,2,26,4.1,0,Wed,맑음,3.7,3.654771774,50,44.5005,27,0,194476,40,,,,3,27,1,,,
03_20,갈레트 브루통,0,0,0,4.1,0,Wed,맑음,3.7,3.654771774,50,44.5005,27,0,194476,40,,,,0,0,0,,,
03_20,통밀 비스코티,0,0,0,4.1,0,Wed,맑음,3.7,3.654771774,50,44.5005,27,0,194476,40,,,,0,0,0,,,
03_20,5종 스콘,16,0,16,4.1,0,Wed,맑음,3.7,3.654771774,50,44.5005,27,0,194476,40,,,,2,18,2,,,
03_20,레몬 마들렌,1,0,1,4.1,0,Wed,맑음,3.7,3.654771774,50,44.5005,27,0,194476,40,,,,0,1,0,,,
03_20,르뱅 3종,4,0,4,4.1,0,Wed,맑음,3.7,3.654771774,50,44.5005,27,0,194476,40,,,,0,4,0,,,
03_20,무화과 쿠키,1,0,1,4.1,0,Wed,맑음,3.7,3.654771774,50,44.5005,27,0,194476,40,,,,2,3,2,,,
03_21,올리브 치아바타,10,0,10,4.3,0,Thu,맑음,1.7,5.270991839,63,43.45591,25,0,191847,0,,,,0,10,0,,,
03_21,감자 치아바타,9,0,9,4.3,0,Thu,맑음,1.7,5.270991839,63,43.45591,25,0,191847,0,,,,0,9,0,,,
03_21,소금빵,24,0,24,4.3,0,Thu,맑음,1.7,5.270991839,63,43.45591,25,0,191847,0,,,,0,24,0,,,
03_21,갈레트 브루통,1,0,1,4.3,0,Thu,맑음,1.7,5.270991839,63,43.45591,25,0,191847,0,,,,0,1,0,,,
03_21,통밀 비스코티,2,0,2,4.3,0,Thu,맑음,1.7,5.270991839,63,43.45591,25,0,191847,0,,,,1,3,1,,,
03_21,5종 스콘,15,1,16,4.3,0,Thu,맑음,1.7,5.270991839,63,43.45591,25,0,191847,0,,,,3,18,2,,,
03_21,레몬 마들렌,2,1,3,4.3,0,Thu,맑음,1.7,5.270991839,63,43.45591,25,0,191847,0,,,,3,5,2,,,
03_21,르뱅 3종,1,0,1,4.3,0,Thu,맑음,1.7,5.270991839,63,43.45591,25,0,191847,0,,,,0,1,0,,,
03_21,무화과 쿠키,2,0,2,4.3,0,Thu,맑음,1.7,5.270991839,63,43.45591,25,0,191847,0,,,,0,2,0,,,
03_22,올리브 치아바타,8,0,8,10.4,2.1,Fri,비,3.2,10.85496567,78.4,51.584864,26,0,155204.223,33,,,,0,8,0,,,
03_22,감자 치아바타,8,0,8,10.4,2.1,Fri,비,3.2,10.85496567,78.4,51.584864,26,0,155204.223,33,,,,2,10,2,,,
03_22,소금빵,24,2,26,10.4,2.1,Fri,비,3.2,10.85496567,78.4,51.584864,26,0,155204.223,33,,,,2,26,0,,,
03_22,갈레트 브루통,2,0,2,10.4,2.1,Fri,비,3.2,10.85496567,78.4,51.584864,26,0,155204.223,33,,,,0,2,0,,,
03_22,통밀 비스코티,1,0,1,10.4,2.1,Fri,비,3.2,10.85496567,78.4,51.584864,26,0,155204.223,33,,,,0,1,0,,,
03_22,5종 스콘,13,0,13,10.4,2.1,Fri,비,3.2,10.85496567,78.4,51.584864,26,0,155204.223,33,,,,0,13,0,,,
03_22,레몬 마들렌,0,0,0,10.4,2.1,Fri,비,3.2,10.85496567,78.4,51.584864,26,0,155204.223,33,,,,0,0,0,,,
03_22,르뱅 3종,2,0,2,10.4,2.1,Fri,비,3.2,10.85496567,78.4,51.584864,26,0,155204.223,33,,,,2,4,2,,,
03_22,무화과 쿠키,0,0,0,10.4,2.1,Fri,비,3.2,10.85496567,78.4,51.584864,26,0,155204.223,33,,,,0,0,0,,,
03_23,올리브 치아바타,0,0,0,12.9,0,Sat,박무,2.1,14.09378031,63.6,55.776556,36,1,173604.03,37,,,,0,0,0,,,
03_23,감자 치아바타,0,0,0,12.9,0,Sat,박무,2.1,14.09378031,63.6,55.776556,36,1,173604.03,37,,,,0,0,0,,,
03_23,소금빵,36,0,36,12.9,0,Sat,박무,2.1,14.09378031,63.6,55.776556,36,1,173604.03,37,,,,0,36,0,,,
03_23,갈레트 브루통,1,0,1,12.9,0,Sat,박무,2.1,14.09378031,63.6,55.776556,36,1,173604.03,37,,,,1,2,1,,,
03_23,통밀 비스코티,1,0,1,12.9,0,Sat,박무,2.1,14.09378031,63.6,55.776556,36,1,173604.03,37,,,,0,1,0,,,
03_23,5종 스콘,24,0,24,12.9,0,Sat,박무,2.1,14.09378031,63.6,55.776556,36,1,173604.03,37,,,,2,26,2,,,
03_23,레몬 마들렌,2,0,2,12.9,0,Sat,박무,2.1,14.09378031,63.6,55.776556,36,1,173604.03,37,,,,1,3,1,,,
03_23,르뱅 3종,5,0,5,12.9,0,Sat,박무,2.1,14.09378031,63.6,55.776556,36,1,173604.03,37,,,,2,7,2,,,
03_23,무화과 쿠키,1,0,1,12.9,0,Sat,박무,2.1,14.09378031,63.6,55.776556,36,1,173604.03,37,,,,1,2,1,,,
03_24,올리브 치아바타,0,0,0,15.1,0,Sun,맑음,1.9,16.53961695,70.4,58.987896,22,1,172337,34,,,,2,2,2,,,
03_24,감자 치아바타,0,0,0,15.1,0,Sun,맑음,1.9,16.53961695,70.4,58.987896,22,1,172337,34,,,,1,1,1,,,
03_24,소금빵,34,3,37,15.1,0,Sun,맑음,1.9,16.53961695,70.4,58.987896,22,1,172337,34,,,,3,37,0,,,
03_24,갈레트 브루통,2,0,2,15.1,0,Sun,맑음,1.9,16.53961695,70.4,58.987896,22,1,172337,34,,,,0,2,0,,,
03_24,통밀 비스코티,2,0,2,15.1,0,Sun,맑음,1.9,16.53961695,70.4,58.987896,22,1,172337,34,,,,2,4,2,,,
03_24,5종 스콘,24,2,26,15.1,0,Sun,맑음,1.9,16.53961695,70.4,58.987896,22,1,172337,34,,,,3,27,1,,,
03_24,레몬 마들렌,2,1,3,15.1,0,Sun,맑음,1.9,16.53961695,70.4,58.987896,22,1,172337,34,,,,1,3,0,,,
03_24,르뱅 3종,4,0,4,15.1,0,Sun,맑음,1.9,16.53961695,70.4,58.987896,22,1,172337,34,,,,0,4,0,,,
03_24,무화과 쿠키,1,0,1,15.1,0,Sun,맑음,1.9,16.53961695,70.4,58.987896,22,1,172337,34,,,,1,2,1,,,
03_25,올리브 치아바타,10,1,11,10.5,3.5,Mon,비,3.2,10.96487599,70.4,52.05588,13,0,149969.993,30,,,,5,15,4,,,
03_25,감자 치아바타,11,0,11,10.5,3.5,Mon,비,3.2,10.96487599,70.4,52.05588,13,0,149969.993,30,,,,3,14,3,,,
03_25,소금빵,25,0,25,10.5,3.5,Mon,비,3.2,10.96487599,70.4,52.05588,13,0,149969.993,30,,,,2,27,2,,,
03_25,갈레트 브루통,1,0,1,10.5,3.5,Mon,비,3.2,10.96487599,70.4,52.05588,13,0,149969.993,30,,,,3,4,3,,,
03_25,통밀 비스코티,1,0,1,10.5,3.5,Mon,비,3.2,10.96487599,70.4,52.05588,13,0,149969.993,30,,,,4,5,4,,,
03_25,5종 스콘,16,1,17,10.5,3.5,Mon,비,3.2,10.96487599,70.4,52.05588,13,0,149969.993,30,,,,4,20,3,,,
03_25,레몬 마들렌,0,0,0,10.5,3.5,Mon,비,3.2,10.96487599,70.4,52.05588,13,0,149969.993,30,,,,4,4,4,,,
03_25,르뱅 3종,2,0,2,10.5,3.5,Mon,비,3.2,10.96487599,70.4,52.05588,13,0,149969.993,30,,,,3,5,3,,,
03_25,무화과 쿠키,0,0,0,10.5,3.5,Mon,비,3.2,10.96487599,70.4,52.05588,13,0,149969.993,30,,,,4,4,4,,,
03_26,올리브 치아바타,12,2,14,7,15.7,Tue,비,2,7.867975692,78.6,46.17718,8,0,157331.084,29,,,,8,20,6,,,
03_26,감자 치아바타,12,0,12,7,15.7,Tue,비,2,7.867975692,78.6,46.17718,8,0,157331.084,29,,,,6,18,6,,,
03_26,소금빵,24,0,24,7,15.7,Tue,비,2,7.867975692,78.6,46.17718,8,0,157331.084,29,,,,7,31,7,,,
03_26,갈레트 브루통,1,0,1,7,15.7,Tue,비,2,7.867975692,78.6,46.17718,8,0,157331.084,29,,,,5,6,5,,,
03_26,통밀 비스코티,3,0,3,7,15.7,Tue,비,2,7.867975692,78.6,46.17718,8,0,157331.084,29,,,,5,8,5,,,
03_26,5종 스콘,18,1,19,7,15.7,Tue,비,2,7.867975692,78.6,46.17718,8,0,157331.084,29,,,,7,25,6,,,
03_26,레몬 마들렌,2,1,3,7,15.7,Tue,비,2,7.867975692,78.6,46.17718,8,0,157331.084,29,,,,7,9,6,,,
03_26,르뱅 3종,4,0,4,7,15.7,Tue,비,2,7.867975692,78.6,46.17718,8,0,157331.084,29,,,,6,10,6,,,
03_26,무화과 쿠키,2,0,2,7,15.7,Tue,비,2,7.867975692,78.6,46.17718,8,0,157331.084,29,,,,6,8,6,,,
03_27,올리브 치아바타,10,0,10,9.5,0,Wed,박무,1.4,11.00045626,78.6,50.14753,25,0,180862.68,27,,,,0,10,0,,,
03_27,감자 치아바타,9,0,9,9.5,0,Wed,박무,1.4,11.00045626,78.6,50.14753,25,0,180862.68,27,,,,0,9,0,,,
03_27,소금빵,26,0,26,9.5,0,Wed,박무,1.4,11.00045626,78.6,50.14753,25,0,180862.68,27,,,,2,28,2,,,
03_27,갈레트 브루통,0,0,0,9.5,0,Wed,박무,1.4,11.00045626,78.6,50.14753,25,0,180862.68,27,,,,1,1,1,,,
03_27,통밀 비스코티,1,0,1,9.5,0,Wed,박무,1.4,11.00045626,78.6,50.14753,25,0,180862.68,27,,,,0,1,0,,,
03_27,5종 스콘,18,1,19,9.5,0,Wed,박무,1.4,11.00045626,78.6,50.14753,25,0,180862.68,27,,,,1,19,0,,,
03_27,레몬 마들렌,1,0,1,9.5,0,Wed,박무,1.4,11.00045626,78.6,50.14753,25,0,180862.68,27,,,,1,2,1,,,
03_27,르뱅 3종,1,0,1,9.5,0,Wed,박무,1.4,11.00045626,78.6,50.14753,25,0,180862.68,27,,,,1,2,1,,,
03_27,무화과 쿠키,1,0,1,9.5,0,Wed,박무,1.4,11.00045626,78.6,50.14753,25,0,180862.68,27,,,,2,3,2,,,
03_28,올리브 치아바타,10,1,11,9.7,2.2,Thu,비,1.7,10.95791207,85.1,50.159853,26,0,155204.223,20,,,,2,12,1,,,
03_28,감자 치아바타,10,1,11,9.7,2.2,Thu,비,1.7,10.95791207,85.1,50.159853,26,0,155204.223,20,,,,2,12,1,,,
03_28,소금빵,24,0,24,9.7,2.2,Thu,비,1.7,10.95791207,85.1,50.159853,26,0,155204.223,20,,,,2,26,2,,,
03_28,갈레트 브루통,1,0,1,9.7,2.2,Thu,비,1.7,10.95791207,85.1,50.159853,26,0,155204.223,20,,,,1,2,1,,,
03_28,통밀 비스코티,1,0,1,9.7,2.2,Thu,비,1.7,10.95791207,85.1,50.159853,26,0,155204.223,20,,,,1,2,1,,,
03_28,5종 스콘,12,0,12,9.7,2.2,Thu,비,1.7,10.95791207,85.1,50.159853,26,0,155204.223,20,,,,1,13,1,,,
03_28,레몬 마들렌,1,0,1,9.7,2.2,Thu,비,1.7,10.95791207,85.1,50.159853,26,0,155204.223,20,,,,2,3,2,,,
03_28,르뱅 3종,3,0,3,9.7,2.2,Thu,비,1.7,10.95791207,85.1,50.159853,26,0,155204.223,20,,,,2,5,2,,,
03_28,무화과 쿠키,2,0,2,9.7,2.2,Thu,비,1.7,10.95791207,85.1,50.159853,26,0,155204.223,20,,,,0,2,0,,,
03_29,올리브 치아바타,10,1,11,7.4,1.9,Fri,비,2.5,7.951186067,85.1,46.359126,112,0,155204.223,36,,,,1,11,0,,,
03_29,감자 치아바타,11,0,11,7.4,1.9,Fri,비,2.5,7.951186067,85.1,46.359126,112,0,155204.223,36,,,,1,12,1,,,
03_29,소금빵,24,0,24,7.4,1.9,Fri,비,2.5,7.951186067,85.1,46.359126,112,0,155204.223,36,,,,1,25,1,,,
03_29,갈레트 브루통,1,0,1,7.4,1.9,Fri,비,2.5,7.951186067,85.1,46.359126,112,0,155204.223,36,,,,2,3,2,,,
03_29,통밀 비스코티,1,0,1,7.4,1.9,Fri,비,2.5,7.951186067,85.1,46.359126,112,0,155204.223,36,,,,1,2,1,,,
03_29,5종 스콘,12,1,13,7.4,1.9,Fri,비,2.5,7.951186067,85.1,46.359126,112,0,155204.223,36,,,,2,14,1,,,
03_29,레몬 마들렌,1,1,2,7.4,1.9,Fri,비,2.5,7.951186067,85.1,46.359126,112,0,155204.223,36,,,,2,3,1,,,
03_29,르뱅 3종,2,0,2,7.4,1.9,Fri,비,2.5,7.951186067,85.1,46.359126,112,0,155204.223,36,,,,1,3,1,,,
03_29,무화과 쿠키,0,0,0,7.4,1.9,Fri,비,2.5,7.951186067,85.1,46.359126,112,0,155204.223,36,,,,1,1,1,,,
03_30,올리브 치아바타,0,0,0,8.4,0,Sat,박무,1.9,9.431697343,64.6,49.238336,48,1,173604.03,33,,,,1,1,1,,,
03_30,감자 치아바타,0,0,0,8.4,0,Sat,박무,1.9,9.431697343,64.6,49.238336,48,1,173604.03,33,,,,0,0,0,,,
03_30,소금빵,36,2,38,8.4,0,Sat,박무,1.9,9.431697343,64.6,49.238336,48,1,173604.03,33,,,,3,39,1,,,
03_30,갈레트 브루통,1,0,1,8.4,0,Sat,박무,1.9,9.431697343,64.6,49.238336,48,1,173604.03,33,,,,0,1,0,,,
03_30,통밀 비스코티,2,0,2,8.4,0,Sat,박무,1.9,9.431697343,64.6,49.238336,48,1,173604.03,33,,,,2,4,2,,,
03_30,5종 스콘,24,0,24,8.4,0,Sat,박무,1.9,9.431697343,64.6,49.238336,48,1,173604.03,33,,,,2,26,2,,,
03_30,레몬 마들렌,1,1,2,8.4,0,Sat,박무,1.9,9.431697343,64.6,49.238336,48,1,173604.03,33,,,,3,4,2,,,
03_30,르뱅 3종,2,0,2,8.4,0,Sat,박무,1.9,9.431697343,64.6,49.238336,48,1,173604.03,33,,,,1,3,1,,,
03_30,무화과 쿠키,1,0,1,8.4,0,Sat,박무,1.9,9.431697343,64.6,49.238336,48,1,173604.03,33,,,,0,1,0,,,
03_31,올리브 치아바타,0,0,0,9.7,0,Sun,맑음,1.7,10.95791207,43.5,52.113805,27,1,172337,35,,,,0,0,0,,,
03_31,감자 치아바타,0,0,0,9.7,0,Sun,맑음,1.7,10.95791207,43.5,52.113805,27,1,172337,35,,,,1,1,1,,,
03_31,소금빵,36,4,40,9.7,0,Sun,맑음,1.7,10.95791207,43.5,52.113805,27,1,172337,35,,,,5,41,1,,,
03_31,갈레트 브루통,1,0,1,9.7,0,Sun,맑음,1.7,10.95791207,43.5,52.113805,27,1,172337,35,,,,2,3,2,,,
03_31,통밀 비스코티,0,0,0,9.7,0,Sun,맑음,1.7,10.95791207,43.5,52.113805,27,1,172337,35,,,,0,0,0,,,
03_31,5종 스콘,24,3,27,9.7,0,Sun,맑음,1.7,10.95791207,43.5,52.113805,27,1,172337,35,,,,3,27,0,,,
03_31,레몬 마들렌,1,0,1,9.7,0,Sun,맑음,1.7,10.95791207,43.5,52.113805,27,1,172337,35,,,,1,2,1,,,
03_31,르뱅 3종,3,0,3,9.7,0,Sun,맑음,1.7,10.95791207,43.5,52.113805,27,1,172337,35,,,,1,4,1,,,
03_31,무화과 쿠키,1,0,1,9.7,0,Sun,맑음,1.7,10.95791207,43.5,52.113805,27,1,172337,35,,,,0,1,0,,,
